0,0,0,0,0,0,0,0,0,0,0,0,0,0,0,0,0,0,0,0,0,0,0,0,0,0,0,0,0,0,0,0,0,0,0,0,0,0,0,0,0,0,0,0,0,0,0,0,0,0,0,0,0,0,0,0,0,0,0
0,0,0,0,0,0,0,0,0,0,0,0,0,0,0,0,0,0,0,0,0,0,0,0,0,0,0,0,0,0,0,0,0,0,0,0,0,0,0,0,0,0,27.784,28.153,28.043,28.618,27.772,27.179,27.944,0,0,0,0,0,0,0,0,0,0
0,0,0,0,0,0,0,0,0,0,0,0,0,0,0,0,0,0,0,0,0,0,0,0,0,0,0,0,0,0,0,0,0,0,0,0,0,0,0,0,28.251,28.092,28.777,28.887,28.814,28.618,28.777,28.57,28.557,28.557,27.513,0,0,0,0,0,0,0,0
0,0,0,0,0,0,0,0,0,0,0,0,0,0,0,0,0,0,0,0,0,0,0,0,0,0,0,0,0,0,0,0,0,0,0,0,0,0,0,27.316,28.251,28.899,28.984,28.887,28.887,28.899,28.875,28.875,28.911,28.862,28.862,27.526,0,0,0,0,0,0,0
0,0,0,0,0,0,0,0,0,0,0,0,0,0,0,0,0,0,0,0,0,0,0,0,0,0,0,0,0,0,0,0,0,0,0,0,0,0,27.39,28.362,28.899,29.009,29.009,28.972,28.936,28.996,28.972,29.021,29.106,29.118,28.862,28.801,0,0,0,0,0,0,0
0,0,0,0,0,0,0,0,0,0,0,0,0,0,0,0,0,0,0,0,0,0,0,0,27.809,27.303,27.6,27.994,27.92,27.266,0,0,0,0,0,0,0,27.093,28.325,28.936,29.069,29.021,29.033,29.009,29.009,29.009,29.057,29.13,29.155,29.155,29.106,29.033,28.043,0,0,0,0,0,0
0,0,0,0,0,0,0,0,0,0,0,0,0,0,0,0,0,0,0,0,0,0,0,28.129,27.809,28.398,28.288,28.178,28.178,28.043,27.538,27.538,0,0,0,0,0,28.116,28.996,28.936,29.167,29.106,29.021,29.021,29.009,29.045,29.057,29.094,29.155,29.167,29.13,29.033,28.728,0,0,0,0,0,0
0,0,0,0,0,0,0,0,0,0,0,0,0,0,0,0,0,0,0,0,0,0,0,28.19,28.582,28.472,28.472,28.337,28.251,28.202,28.018,27.303,0,0,0,0,27.784,29.033,29.033,29.276,29.252,29.252,29.106,29.009,29.009,29.021,29.057,29.045,29.106,29.155,29.155,29.021,28.202,27.6,0,0,0,0,0
0,0,0,0,0,0,0,0,0,0,0,0,0,0,0,0,0,0,0,0,0,0,27.907,28.643,28.618,28.582,28.459,28.472,28.325,28.202,28.092,27.661,26.434,0,0,0,28.594,28.911,29.361,29.506,29.434,29.252,29.24,29.069,28.996,28.996,28.996,29.045,29.033,29.106,29.057,28.875,28.521,27.6,0,0,0,0,0
0,0,0,0,0,0,0,0,0,0,0,0,0,0,0,0,0,0,0,0,0,0,28.264,28.643,28.618,28.57,28.545,28.423,28.423,28.214,28.116,27.957,27.365,27.055,26.683,26.907,28.043,29.13,29.506,29.506,29.591,29.422,29.361,29.215,29.033,28.984,28.923,28.972,28.948,28.936,28.801,28.801,28.655,28.092,0,0,0,0,0
0,0,0,0,0,0,0,0,0,0,0,0,0,0,0,0,0,0,0,0,0,0,27.414,28.557,28.643,28.643,28.594,28.508,28.398,28.214,28.116,28.018,27.6,26.882,26.882,27.427,28.789,29.252,29.397,29.628,29.628,29.482,29.361,29.227,29.009,28.899,28.899,28.862,28.862,28.728,28.753,28.631,28.508,28.141,27.427,0,0,0,0
0,0,0,0,0,0,0,0,0,0,0,0,0,0,0,0,0,26.259,26.334,25.683,26.084,26.284,27.895,28.178,28.618,28.643,28.557,28.435,28.276,28.276,28.104,27.907,27.821,27.414,27.254,28.104,29.069,29.252,29.446,29.555,29.531,29.531,29.288,29.033,28.887,28.899,28.814,28.753,28.728,28.728,28.594,28.496,28.435,28.435,27.76,0,0,0,0
0,0,0,0,0,0,0,0,0,0,0,0,0,0,0,0,26.533,27.043,27.278,26.844,26.084,26.521,27.34,28.313,28.313,28.484,28.386,28.386,28.3,28.141,28.055,28.018,27.821,27.834,28.006,28.104,28.801,29.373,29.506,29.506,29.506,29.337,29.094,29.045,28.887,28.801,28.716,28.753,28.692,28.618,28.472,28.472,28.398,28.337,27.969,0,0,0,0
0,0,0,0,0,0,0,0,0,0,0,0,0,0,0,26.683,27.328,27.365,27.278,27.353,26.993,26.931,26.931,27.747,28.288,28.178,28.276,28.239,28.129,28.067,28.055,28.043,27.981,27.994,27.994,28.508,28.923,29.349,29.47,29.409,29.349,29.167,29.167,28.923,28.814,28.74,28.716,28.618,28.533,28.435,28.447,28.288,28.141,28.03,28.03,0,0,0,0
0,0,0,0,0,0,0,0,0,0,0,0,0,0,26.633,27.377,27.439,27.39,27.377,27.39,27.241,27.068,27.08,27.538,28.043,28.043,28.067,28.043,27.994,28.03,28.006,27.994,28.043,28.03,28.239,28.704,29.13,29.13,29.3,29.3,29.179,29.203,29.021,28.923,28.777,28.74,28.655,28.508,28.423,28.423,28.276,28.141,27.994,27.981,27.661,27.093,0,0,0
0,0,0,0,0,0,0,0,0,0,0,0,0,26.409,27.142,27.402,27.439,27.402,27.39,27.365,27.365,27.105,27.093,27.105,27.661,28.043,28.018,28.018,27.994,27.969,27.957,27.994,28.03,28.178,28.57,28.57,28.948,29.13,29.13,29.215,29.179,29.106,28.996,28.923,28.826,28.692,28.557,28.557,28.423,28.3,28.153,28.141,27.994,27.834,27.526,27.093,0,0,0
0,0,0,0,0,0,0,0,0,0,0,0,25.67,26.869,27.142,27.266,27.377,27.39,27.39,27.414,27.316,27.254,26.993,27.105,27.068,27.661,28.018,28.043,28.043,27.981,27.981,28.018,28.116,28.239,28.411,28.814,28.923,29.069,29.13,29.155,29.118,29.082,29.082,28.899,28.716,28.631,28.594,28.447,28.325,28.165,28.153,28.018,27.858,27.661,27.661,27.105,0,0,0
0,0,0,0,0,0,0,0,0,0,0,0,26.496,26.496,27.142,27.303,27.353,27.365,27.39,27.439,27.439,27.254,27.192,26.894,27.043,27.043,27.809,28.141,28.276,28.092,28.018,28.092,28.153,28.239,28.349,28.74,29.045,29.045,29.167,29.142,29.094,29.106,29.057,28.875,28.692,28.692,28.57,28.374,28.264,28.178,28.055,27.994,27.907,27.735,27.612,26.919,0,0,0
0,0,0,0,0,0,0,0,0,0,0,25.658,26.059,26.782,27.291,27.353,27.353,27.377,27.414,27.439,27.464,27.402,27.439,27.192,26.882,27.13,27.969,28.129,28.398,28.411,28.202,28.202,28.178,28.227,28.288,28.459,28.911,29.118,29.203,29.179,29.106,29.069,28.972,28.972,28.789,28.655,28.594,28.484,28.264,28.202,28.104,27.994,27.932,27.735,27.377,27.377,0,0,0
0,0,0,0,0,0,0,0,0,0,0,25.57,26.459,27.155,27.155,27.34,27.377,27.377,27.39,27.439,27.476,27.526,27.439,27.513,27.204,27.587,27.587,28.386,28.557,28.521,28.386,28.202,28.202,28.239,28.288,28.447,28.972,29.203,29.203,29.142,29.069,29.057,29.045,28.899,28.838,28.679,28.594,28.508,28.313,28.202,28.202,28.08,27.858,27.846,27.674,26.969,0,0,0
0,0,0,0,0,0,0,0,0,0,25.796,26.346,26.77,26.907,27.192,27.167,27.34,27.377,27.39,27.439,27.563,27.563,27.612,27.439,27.278,27.155,27.994,28.276,28.557,28.521,28.337,28.141,28.202,28.202,28.264,28.667,28.753,29.118,29.155,29.094,29.009,29.057,29.021,28.911,28.765,28.765,28.606,28.435,28.362,28.276,28.178,28.104,28.006,27.846,27.821,26.944,0,0,0
0,0,0,0,0,0,0,0,0,25.946,26.533,26.795,26.77,26.807,26.919,27.179,27.179,27.377,27.439,27.6,27.575,27.698,27.944,27.747,27.278,27.377,27.883,28.276,28.472,28.508,28.214,28.214,28.141,28.165,28.104,28.276,28.753,28.704,29.057,29.094,29.033,28.972,28.948,28.948,28.826,28.679,28.631,28.533,28.472,28.313,28.178,28.178,28.018,27.846,27.698,27.451,0,0,0
0,0,0,0,0,0,0,0,25.796,26.558,26.558,26.844,26.832,26.832,26.795,26.944,26.993,27.353,27.476,27.612,27.834,27.994,27.994,28.214,27.969,27.969,27.76,28.276,28.472,28.533,28.398,28.264,28.153,28.141,28.141,27.969,28.067,27.895,28.631,29.045,28.972,28.911,28.936,28.887,28.789,28.728,28.728,28.606,28.423,28.362,28.264,28.129,28.092,27.858,27.698,27.414,0,0,0
0,0,0,0,0,0,0,0,26.558,26.583,26.882,26.919,26.882,26.832,26.869,26.844,27.093,27.093,27.489,27.772,27.957,28.006,28.141,28.239,28.178,27.969,27.994,28.276,28.533,28.533,28.374,28.129,28.03,28.129,28.043,27.846,27.526,27.895,27.772,28.631,28.85,28.85,28.85,28.801,28.728,28.753,28.728,28.667,28.545,28.362,28.288,28.19,28.092,28.006,27.784,26.733,0,0,0
0,0,0,0,0,0,0,26.246,26.558,27.068,26.981,26.907,26.907,26.907,26.832,26.745,26.869,27.229,27.402,27.624,27.957,28.129,28.214,28.239,28.288,28.08,28.055,28.055,28.374,28.459,28.214,28.165,28.03,27.957,27.92,27.846,27.612,27.328,27.981,27.981,28.704,28.777,28.753,28.789,28.728,28.667,28.679,28.667,28.533,28.362,28.202,28.202,28.092,27.883,27.76,27.414,0,0,0
0,0,0,0,0,0,0,25.67,26.857,27.031,27.031,26.931,26.907,26.869,26.844,26.745,26.745,27.13,27.402,27.649,28.08,28.251,28.251,28.337,28.288,28.239,28.043,28.092,28.104,28.165,28.214,27.895,27.834,27.883,27.883,27.735,27.39,27.402,27.538,28.459,28.716,28.728,28.753,28.692,28.606,28.594,28.594,28.545,28.423,28.362,28.264,28.129,28.055,27.932,27.932,27.563,0,0,0
0,0,0,0,0,0,0,26.359,26.745,26.956,26.944,26.944,26.882,26.882,26.795,26.695,26.782,26.857,27.402,27.723,28.08,28.214,28.214,28.251,28.264,28.264,28.067,27.895,27.784,27.981,27.834,27.661,27.723,27.809,27.797,27.686,27.464,27.464,27.661,28.459,28.57,28.692,28.679,28.594,28.533,28.545,28.508,28.447,28.447,28.398,28.3,28.153,28.153,27.994,27.944,27.538,0,0,0
0,0,0,0,0,0,0,26.309,26.309,26.919,26.956,26.907,26.894,26.832,26.857,26.795,26.782,27.043,27.489,27.723,27.895,28.055,28.08,28.08,28.08,28.03,27.711,27.797,27.784,27.674,27.661,27.661,27.674,27.747,27.772,27.772,27.649,27.538,27.809,28.018,28.57,28.594,28.606,28.594,28.545,28.533,28.472,28.472,28.386,28.337,28.251,28.227,28.043,27.871,27.711,27.538,0,0,0
0,0,0,0,0,0,0,25.771,26.67,26.745,26.931,26.907,26.857,26.844,26.857,26.981,27.13,27.377,27.377,27.698,27.883,27.747,27.895,27.858,27.649,27.6,27.711,27.526,27.563,27.624,27.624,27.661,27.711,27.76,27.772,27.784,27.834,27.858,27.809,28.19,28.508,28.557,28.557,28.545,28.521,28.484,28.521,28.411,28.313,28.214,28.251,28.153,27.957,27.772,27.772,27.414,0,0,0
0,0,0,0,0,0,25.544,25.971,26.421,26.745,26.757,26.907,26.882,26.882,26.956,27.155,27.34,27.402,27.575,27.587,27.649,27.747,27.55,27.489,27.501,27.501,27.489,27.501,27.538,27.563,27.637,27.674,27.76,27.76,27.834,27.871,27.92,27.92,28.092,28.374,28.325,28.447,28.496,28.423,28.472,28.484,28.423,28.337,28.313,28.178,28.141,28.043,28.043,27.834,27.735,27.538,0,0,0
0,0,0,0,25.771,25.909,25.896,26.146,26.146,26.471,26.782,26.869,26.944,26.969,27.043,27.08,27.34,27.427,27.513,27.513,27.55,27.526,27.439,27.427,27.414,27.39,27.476,27.501,27.55,27.575,27.637,27.637,27.747,27.858,27.957,27.92,27.92,27.944,28.08,28.214,28.227,28.313,28.386,28.386,28.337,28.313,28.239,28.313,28.165,28.043,28.043,28.067,27.92,27.686,27.6,27.6,0,0,0
0,0,0,25.909,26.059,26.059,25.946,25.984,26.021,26.246,26.509,26.67,27.006,27.068,27.068,27.093,27.254,27.291,27.402,27.439,27.365,27.414,27.439,27.39,27.365,27.414,27.414,27.526,27.6,27.612,27.624,27.711,27.797,27.944,27.957,28.018,27.957,27.994,27.994,28.129,28.276,28.386,28.386,28.362,28.288,28.214,28.239,28.178,28.043,27.969,27.969,27.907,27.711,27.538,27.563,27.414,0,0,0
0,0,0,26.046,26.171,26.059,26.034,25.971,26.071,26.071,26.409,26.919,27.055,27.08,27.105,27.167,27.229,27.291,27.241,27.254,27.316,27.316,27.365,27.34,27.291,27.353,27.439,27.476,27.575,27.612,27.6,27.735,27.858,27.858,28.018,28.018,28.067,27.994,28.067,28.19,28.374,28.386,28.447,28.362,28.288,28.251,28.202,28.104,28.104,27.957,27.846,27.661,27.698,27.538,27.439,27.402,0,0,0
0,0,0,26.259,26.259,26.171,26.059,26.134,26.034,26.159,26.334,26.67,27.055,27.068,27.142,27.167,27.229,27.204,27.13,27.13,27.204,27.291,27.266,27.303,27.291,27.303,27.402,27.476,27.513,27.563,27.661,27.661,27.809,27.944,28.043,28.055,28.067,28.165,28.202,28.19,28.337,28.472,28.447,28.447,28.337,28.251,28.202,28.165,28.018,27.883,27.674,27.661,27.538,27.414,27.365,27.365,27.217,0,0
0,0,25.733,26.296,26.321,26.321,26.184,26.134,26.196,26.171,26.334,26.596,26.993,27.08,27.08,27.192,27.204,27.093,27.08,27.105,27.167,27.229,27.266,27.241,27.266,27.34,27.377,27.464,27.526,27.6,27.612,27.735,27.907,28.018,28.018,28.08,28.165,28.239,28.264,28.337,28.435,28.508,28.508,28.533,28.484,28.313,28.313,28.116,27.957,27.834,27.723,27.575,27.538,27.377,27.316,27.217,27.006,0,0
0,0,26.009,26.359,26.396,26.396,26.309,26.284,26.321,26.221,26.409,26.782,27.08,27.068,27.08,27.093,27.08,27.08,27.055,27.117,27.155,27.179,27.204,27.217,27.291,27.34,27.39,27.476,27.563,27.563,27.649,27.846,27.92,27.994,28.067,28.055,28.153,28.239,28.325,28.423,28.435,28.496,28.533,28.557,28.557,28.459,28.239,28.165,28.043,27.834,27.76,27.624,27.538,27.464,27.266,27.179,27.179,0,0
0,0,26.259,26.396,26.396,26.359,26.371,26.396,26.321,26.421,26.633,26.782,26.993,27.068,27.031,27.031,27.018,27.043,27.08,27.093,27.155,27.142,27.179,27.217,27.266,27.328,27.414,27.414,27.489,27.575,27.624,27.723,27.92,27.994,28.067,28.055,28.104,28.276,28.398,28.398,28.484,28.533,28.545,28.545,28.545,28.496,28.325,28.165,28.129,27.907,27.723,27.723,27.563,27.34,27.229,27.192,27.093,0,0
0,0,26.084,26.396,26.446,26.434,26.371,26.459,26.521,26.596,26.596,26.844,27.031,26.956,26.981,26.944,26.944,27.068,27.08,27.105,27.155,27.167,27.167,27.266,27.316,27.353,27.377,27.439,27.476,27.563,27.624,27.711,27.895,28.043,28.043,28.116,28.227,28.325,28.374,28.472,28.508,28.557,28.545,28.533,28.521,28.435,28.435,28.251,28.043,27.92,27.834,27.661,27.55,27.316,27.229,27.142,26.944,0,0
0,25.808,26.221,26.471,26.471,26.471,26.484,26.571,26.695,26.67,26.77,26.907,26.956,26.956,26.857,26.869,27.018,27.018,27.08,27.117,27.13,27.179,27.241,27.303,27.365,27.353,27.402,27.451,27.501,27.501,27.637,27.747,27.907,27.981,28.055,28.165,28.239,28.239,28.374,28.472,28.472,28.521,28.533,28.484,28.508,28.472,28.411,28.227,28.141,27.994,27.797,27.637,27.637,27.427,27.204,27.117,27.08,0,0
0,25.934,26.159,26.434,26.496,26.484,26.533,26.558,26.646,26.782,26.882,26.882,26.931,26.857,26.807,26.82,26.919,26.944,26.969,27.043,27.031,27.142,27.241,27.241,27.34,27.402,27.451,27.439,27.451,27.439,27.637,27.747,27.858,27.994,28.129,28.129,28.19,28.264,28.3,28.398,28.447,28.435,28.459,28.484,28.447,28.435,28.313,28.313,28.08,27.834,27.698,27.686,27.538,27.439,27.192,27.117,27.068,0,0
0,25.934,26.159,26.296,26.446,26.509,26.509,26.596,26.708,26.77,26.832,26.882,26.844,26.82,26.807,26.82,26.882,26.919,26.919,26.969,27.068,27.105,27.179,27.291,27.328,27.414,27.451,27.476,27.427,27.501,27.501,27.76,27.92,27.944,28.055,28.178,28.214,28.276,28.3,28.374,28.423,28.459,28.459,28.447,28.435,28.374,28.362,28.19,28.043,27.747,27.698,27.575,27.501,27.328,27.328,27.105,26.969,0,0
0,25.708,26.209,26.384,26.446,26.484,26.571,26.646,26.733,26.77,26.782,26.82,26.82,26.82,26.82,26.832,26.844,26.882,26.944,27.018,27.068,27.105,27.13,27.254,27.353,27.353,27.464,27.489,27.526,27.464,27.624,27.698,27.834,27.944,28.006,28.19,28.214,28.3,28.398,28.447,28.447,28.484,28.484,28.484,28.447,28.374,28.264,28.129,28.043,27.871,27.624,27.476,27.476,27.377,27.192,27.13,27.055,0,0
0,26.146,26.334,26.421,26.446,26.496,26.608,26.646,26.72,26.757,26.782,26.782,26.807,26.832,26.807,26.82,26.844,26.869,26.981,27.018,27.055,27.08,27.192,27.192,27.303,27.402,27.464,27.513,27.526,27.575,27.637,27.698,27.735,27.907,28.03,28.116,28.3,28.423,28.508,28.484,28.521,28.557,28.521,28.521,28.435,28.3,28.239,28.178,27.994,27.907,27.674,27.538,27.464,27.278,27.167,27.167,27.13,0,0
0,26.221,26.221,26.421,26.471,26.509,26.558,26.683,26.708,26.733,26.757,26.745,26.782,26.807,26.807,26.782,26.832,26.882,26.919,27.031,27.043,27.117,27.142,27.241,27.353,27.439,27.439,27.513,27.575,27.649,27.649,27.698,27.797,27.944,28.03,28.165,28.374,28.508,28.508,28.533,28.57,28.631,28.582,28.484,28.411,28.3,28.239,28.202,28.067,27.834,27.834,27.624,27.39,27.316,27.217,27.167,27.155,0,0
0,25.971,26.421,26.459,26.484,26.509,26.558,26.621,26.67,26.67,26.72,26.745,26.77,26.795,26.782,26.807,26.882,26.882,26.956,27.031,27.08,27.08,27.204,27.34,27.427,27.439,27.513,27.575,27.637,27.649,27.747,27.834,27.92,27.92,28.08,28.288,28.288,28.484,28.557,28.606,28.582,28.631,28.618,28.435,28.411,28.337,28.239,28.165,28.165,27.994,27.76,27.674,27.563,27.316,27.254,27.192,27.155,0,0
0,26.009,26.421,26.459,26.471,26.521,26.571,26.571,26.583,26.658,26.658,26.72,26.77,26.807,26.82,26.807,26.869,26.969,27.018,27.018,27.055,27.155,27.229,27.303,27.427,27.501,27.587,27.575,27.637,27.735,27.858,27.858,27.957,28.043,28.141,28.202,28.423,28.533,28.643,28.606,28.667,28.679,28.521,28.521,28.362,28.276,28.251,28.202,28.104,27.994,27.735,27.674,27.575,27.365,27.241,27.241,27.204,0,0
0,26.259,26.259,26.446,26.496,26.558,26.558,26.558,26.558,26.596,26.658,26.72,26.795,26.832,26.832,26.844,26.931,26.956,27.018,27.031,26.993,27.142,27.229,27.328,27.439,27.563,27.563,27.649,27.711,27.797,27.834,27.957,28.043,28.116,28.141,28.239,28.435,28.618,28.618,28.667,28.667,28.704,28.655,28.582,28.398,28.325,28.325,28.239,28.116,28.03,27.858,27.649,27.612,27.414,27.316,27.303,27.217,0,0
0,25.946,26.296,26.509,26.558,26.558,26.621,26.646,26.67,26.596,26.683,26.82,26.857,26.832,26.869,26.832,26.857,26.857,26.931,26.931,26.919,27.031,27.254,27.316,27.39,27.476,27.513,27.624,27.747,27.747,27.883,28.006,28.006,28.116,28.19,28.276,28.337,28.545,28.618,28.655,28.667,28.643,28.643,28.472,28.472,28.374,28.3,28.276,28.214,28.03,27.981,27.772,27.612,27.538,27.353,27.278,27.278,0,0
0,25.946,26.459,26.459,26.571,26.621,26.683,26.683,26.67,26.72,26.807,26.82,26.869,26.857,26.857,26.857,26.82,26.869,26.882,26.894,26.919,26.981,27.204,27.316,27.328,27.414,27.55,27.55,27.686,27.858,27.957,27.981,28.104,28.202,28.251,28.276,28.362,28.545,28.655,28.655,28.618,28.618,28.594,28.533,28.411,28.398,28.337,28.276,28.251,28.141,27.969,27.969,27.698,27.427,27.377,27.316,27.192,0,0
0,25.996,26.296,26.583,26.683,26.708,26.683,26.757,26.77,26.77,26.77,26.857,26.832,26.82,26.857,26.844,26.869,26.907,26.882,26.907,26.919,27.068,27.068,27.241,27.34,27.39,27.476,27.6,27.686,27.895,27.957,28.043,28.165,28.276,28.276,28.313,28.447,28.508,28.606,28.643,28.631,28.631,28.594,28.57,28.472,28.398,28.398,28.325,28.251,28.264,28.141,27.883,27.723,27.476,27.377,27.402,27.278,0,0
0,25.996,26.434,26.695,26.757,26.757,26.782,26.82,26.869,26.795,26.82,26.844,26.82,26.82,26.844,26.869,26.919,26.919,26.931,26.931,26.981,26.993,27.155,27.217,27.328,27.39,27.451,27.587,27.686,27.797,27.981,28.092,28.092,28.227,28.288,28.264,28.349,28.508,28.533,28.618,28.631,28.631,28.618,28.545,28.545,28.459,28.459,28.423,28.337,28.374,28.19,27.895,27.895,27.612,27.501,27.513,27.414,0,0
0,26.121,26.658,26.658,26.795,26.807,26.882,26.857,26.931,26.919,26.894,26.894,26.857,26.844,26.869,26.857,26.907,26.907,26.869,26.919,26.931,27.043,27.155,27.155,27.266,27.39,27.464,27.526,27.711,27.846,28.018,28.043,28.08,28.141,28.19,28.19,28.264,28.423,28.435,28.533,28.594,28.594,28.594,28.582,28.557,28.496,28.472,28.472,28.447,28.313,28.178,28.043,27.76,27.686,27.6,27.513,27.464,0,0
0,26.346,26.546,26.807,26.907,26.919,26.919,26.969,27.006,27.043,26.969,26.919,26.907,26.907,26.869,26.882,26.882,26.857,26.857,26.857,26.981,27.031,27.093,27.204,27.241,27.377,27.464,27.55,27.76,27.957,27.957,28.067,28.092,28.116,28.153,28.202,28.251,28.349,28.435,28.447,28.557,28.618,28.618,28.582,28.533,28.533,28.496,28.496,28.472,28.3,28.178,28.043,27.784,27.661,27.661,27.587,27.291,0,0
0,26.046,26.807,26.944,27.006,26.981,27.006,27.093,27.117,27.043,27.055,26.956,26.931,26.931,26.956,26.907,26.956,26.919,26.857,26.882,26.981,27.031,27.093,27.142,27.266,27.266,27.451,27.661,27.661,27.871,28.018,28.055,28.092,28.116,28.178,28.276,28.251,28.325,28.411,28.508,28.508,28.631,28.631,28.631,28.582,28.533,28.521,28.496,28.472,28.374,28.19,27.932,27.932,27.747,27.686,27.686,27.526,0,0
0,26.658,26.931,26.944,27.006,27.055,27.105,27.093,27.167,27.155,27.043,27.043,26.956,26.993,27.006,26.969,26.956,26.981,26.931,26.882,26.944,27.055,27.105,27.105,27.13,27.34,27.464,27.538,27.747,27.834,27.994,28.055,28.08,28.153,28.276,28.276,28.362,28.398,28.447,28.484,28.618,28.679,28.679,28.631,28.606,28.533,28.508,28.508,28.423,28.288,28.239,28.116,28.067,27.883,27.797,27.797,27.6,0,0
0,26.832,26.931,27.043,27.055,27.093,27.093,27.179,27.204,27.179,27.142,27.117,27.018,26.993,26.993,26.981,26.993,27.093,27.006,26.944,26.993,27.105,27.117,27.179,27.204,27.439,27.439,27.575,27.76,27.846,27.92,28.043,28.092,28.165,28.227,28.276,28.362,28.411,28.411,28.459,28.606,28.643,28.692,28.643,28.606,28.545,28.508,28.496,28.398,28.3,28.3,28.214,28.055,28.03,27.907,27.797,27.563,0,0
0,26.521,27.08,27.105,27.08,27.08,27.093,27.167,27.167,27.167,27.167,27.105,27.117,27.031,27.018,27.08,27.155,27.093,27.117,27.018,27.068,27.068,27.204,27.266,27.266,27.402,27.55,27.55,27.661,27.846,27.895,28.043,28.092,28.104,28.202,28.276,28.276,28.349,28.374,28.374,28.496,28.643,28.643,28.618,28.606,28.582,28.545,28.447,28.447,28.337,28.288,28.288,28.19,28.03,27.969,27.809,27.563,0,0
0,26.633,27.08,27.105,27.105,27.068,27.117,27.117,27.155,27.155,27.179,27.167,27.117,27.155,27.142,27.08,27.192,27.192,27.093,27.093,27.08,27.179,27.278,27.291,27.365,27.439,27.501,27.55,27.624,27.834,27.981,27.981,28.092,28.153,28.227,28.214,28.288,28.325,28.325,28.374,28.447,28.582,28.594,28.594,28.606,28.582,28.521,28.484,28.362,28.313,28.325,28.288,28.214,28.018,27.92,27.92,0,0,0
0,0,26.956,27.117,27.117,27.167,27.117,27.167,27.192,27.192,27.179,27.192,27.192,27.204,27.204,27.217,27.241,27.229,27.167,27.13,27.254,27.291,27.278,27.377,27.427,27.489,27.489,27.575,27.784,27.981,27.969,28.104,28.239,28.276,28.227,28.313,28.362,28.362,28.362,28.386,28.496,28.508,28.557,28.582,28.594,28.545,28.521,28.423,28.337,28.3,28.3,28.264,28.067,28.067,27.957,27.772,0,0,0
0,0,27.105,27.179,27.217,27.167,27.241,27.241,27.217,27.217,27.192,27.204,27.241,27.229,27.254,27.278,27.278,27.278,27.278,27.316,27.402,27.353,27.402,27.501,27.464,27.526,27.637,27.735,27.76,27.969,28.165,28.288,28.288,28.362,28.374,28.447,28.398,28.411,28.423,28.435,28.435,28.496,28.521,28.557,28.557,28.545,28.435,28.398,28.374,28.313,28.313,28.227,28.141,28.043,27.92,27.563,0,0,0
0,0,27.192,27.192,27.241,27.291,27.34,27.278,27.241,27.241,27.192,27.192,27.229,27.303,27.303,27.303,27.291,27.316,27.402,27.365,27.402,27.427,27.513,27.501,27.6,27.686,27.772,27.772,27.932,28.153,28.313,28.3,28.398,28.484,28.496,28.447,28.496,28.496,28.472,28.472,28.508,28.533,28.57,28.533,28.545,28.508,28.423,28.398,28.423,28.386,28.313,28.313,28.178,27.981,27.871,27.723,0,0,0
0,0,27.105,27.278,27.353,27.39,27.34,27.353,27.303,27.254,27.254,27.217,27.291,27.34,27.328,27.316,27.34,27.414,27.402,27.439,27.427,27.513,27.513,27.624,27.723,27.858,27.834,27.944,28.141,28.325,28.313,28.423,28.472,28.533,28.533,28.533,28.545,28.594,28.533,28.545,28.643,28.667,28.57,28.631,28.618,28.496,28.496,28.447,28.435,28.423,28.362,28.276,28.202,28.092,27.871,27.649,0,0,0
0,0,27.13,27.377,27.427,27.427,27.451,27.39,27.464,27.365,27.266,27.316,27.328,27.34,27.34,27.34,27.402,27.402,27.476,27.451,27.451,27.501,27.624,27.723,27.723,27.858,28.018,28.202,28.141,28.337,28.496,28.508,28.508,28.545,28.57,28.594,28.557,28.594,28.655,28.692,28.643,28.74,28.728,28.704,28.704,28.643,28.521,28.545,28.484,28.423,28.386,28.276,28.202,28.141,27.895,0,0,0,0
0,0,27.377,27.377,27.439,27.489,27.563,27.489,27.464,27.501,27.414,27.316,27.365,27.365,27.377,27.377,27.39,27.489,27.575,27.513,27.526,27.674,27.735,27.735,27.797,27.944,28.104,28.178,28.337,28.435,28.618,28.606,28.655,28.667,28.655,28.655,28.643,28.679,28.74,28.716,28.777,28.826,28.814,28.765,28.801,28.74,28.618,28.618,28.557,28.447,28.349,28.325,28.214,28.129,27.784,0,0,0,0
0,0,27.254,27.526,27.55,27.6,27.6,27.624,27.575,27.612,27.526,27.476,27.575,27.538,27.439,27.538,27.55,27.624,27.624,27.661,27.723,27.797,27.76,27.784,27.907,28.067,28.104,28.227,28.362,28.557,28.557,28.704,28.74,28.838,28.74,28.704,28.753,28.765,28.74,28.765,28.814,28.85,28.85,28.826,28.826,28.789,28.704,28.594,28.57,28.508,28.349,28.3,28.202,28.129,28.055,0,0,0,0
0,0,27.167,27.612,27.686,27.649,27.723,27.784,27.711,27.612,27.661,27.674,27.674,27.674,27.649,27.637,27.735,27.674,27.698,27.711,27.735,27.797,27.834,27.907,27.907,28.092,28.202,28.325,28.325,28.496,28.728,28.826,28.789,28.838,28.899,28.814,28.753,28.814,28.801,28.789,28.789,28.838,28.85,28.85,28.862,28.789,28.716,28.631,28.57,28.545,28.386,28.3,28.3,28.227,27.895,0,0,0,0
0,0,27.179,27.526,27.686,27.784,27.834,27.784,27.784,27.747,27.711,27.711,27.76,27.747,27.834,27.747,27.735,27.797,27.747,27.711,27.797,27.883,27.907,27.907,28.08,28.239,28.325,28.313,28.447,28.618,28.801,28.826,28.875,28.948,28.899,28.899,28.875,28.887,28.936,28.826,28.801,28.838,28.862,28.85,28.826,28.765,28.692,28.692,28.643,28.521,28.496,28.398,28.313,28.264,27.76,0,0,0,0
0,0,0,27.624,27.784,27.821,27.821,27.821,27.821,27.907,27.784,27.797,27.92,27.932,27.834,27.932,27.883,27.834,27.834,27.834,27.944,28.055,27.969,28.043,28.202,28.362,28.325,28.411,28.545,28.679,28.753,28.85,28.948,29.069,28.996,29.057,29.057,29.045,29.045,28.96,28.887,28.96,28.899,28.875,28.899,28.862,28.765,28.826,28.74,28.643,28.618,28.484,28.325,28.325,28.043,0,0,0,0
0,0,0,27.414,27.735,27.784,27.797,27.858,27.969,27.969,28.018,28.018,28.116,28.03,28.043,28.08,27.981,27.92,27.994,28.043,28.006,28.141,28.129,28.202,28.202,28.374,28.447,28.533,28.508,28.679,28.814,28.948,28.948,29.094,29.167,29.142,29.142,29.13,29.069,29.082,28.984,28.96,29.045,29.021,28.899,28.948,28.948,28.838,28.838,28.728,28.594,28.582,28.447,28.239,28.03,0,0,0,0
0,0,0,27.414,27.624,27.747,27.834,27.834,27.969,28.067,28.141,28.116,28.116,28.178,28.153,28.08,28.08,28.067,28.104,28.104,28.178,28.227,28.325,28.251,28.398,28.57,28.618,28.533,28.667,28.801,28.948,28.948,29.082,29.203,29.252,29.227,29.203,29.227,29.179,29.082,29.106,29.082,29.118,29.118,29.033,29.009,29.009,28.96,28.814,28.789,28.716,28.582,28.521,28.214,27.365,0,0,0,0
0,0,0,27.365,27.698,27.747,27.784,27.92,27.994,28.092,28.141,28.178,28.202,28.214,28.214,28.153,28.129,28.239,28.178,28.227,28.337,28.411,28.325,28.459,28.618,28.716,28.716,28.753,28.85,29.009,28.96,29.082,29.167,29.227,29.252,29.288,29.288,29.276,29.276,29.203,29.155,29.252,29.179,29.118,29.069,29.009,29.009,28.948,28.789,28.789,28.765,28.667,28.374,28.374,27.846,0,0,0,0
0,0,0,27.055,27.674,27.747,27.797,27.92,28.03,28.03,28.141,28.202,28.251,28.251,28.227,28.251,28.19,28.239,28.3,28.3,28.337,28.435,28.496,28.631,28.631,28.789,28.85,28.984,28.936,29.009,29.13,29.191,29.167,29.24,29.288,29.385,29.337,29.361,29.458,29.373,29.252,29.312,29.288,29.191,29.191,29.069,29.069,29.033,28.875,28.753,28.753,28.692,28.57,28.447,27.92,0,0,0,0
0,0,0,0,27.39,27.735,27.797,27.858,27.994,28.067,28.165,28.19,28.227,28.313,28.313,28.313,28.288,28.349,28.411,28.325,28.386,28.508,28.606,28.618,28.765,28.923,29.009,29.009,29.106,29.191,29.264,29.24,29.288,29.361,29.409,29.385,29.446,29.506,29.47,29.47,29.361,29.337,29.325,29.276,29.155,29.13,29.106,29.033,28.923,28.789,28.765,28.765,28.618,28.239,27.723,0,0,0,0
0,0,0,0,27.451,27.809,27.797,27.895,28.03,28.141,28.141,28.214,28.251,28.3,28.325,28.276,28.337,28.472,28.411,28.496,28.545,28.618,28.618,28.728,28.875,28.948,28.984,29.106,29.203,29.276,29.264,29.337,29.397,29.422,29.422,29.458,29.482,29.482,29.506,29.397,29.373,29.361,29.325,29.276,29.155,29.13,29.094,29.009,28.862,28.862,28.814,28.74,28.631,28.459,27.723,0,0,0,0
0,0,0,0,27.784,27.784,27.883,27.981,28.043,28.104,28.202,28.264,28.227,28.3,28.362,28.349,28.337,28.484,28.57,28.618,28.618,28.655,28.716,28.826,28.838,28.948,29.045,29.191,29.203,29.264,29.312,29.385,29.385,29.422,29.446,29.458,29.458,29.482,29.47,29.409,29.373,29.409,29.361,29.227,29.227,29.118,29.045,29.009,28.936,28.838,28.826,28.728,28.631,28.447,27.624,0,0,0,0
0,0,0,0,27.291,27.846,27.846,27.92,28.043,28.141,28.264,28.264,28.313,28.374,28.398,28.398,28.472,28.606,28.679,28.667,28.728,28.826,28.875,28.826,28.948,29.057,29.191,29.191,29.252,29.276,29.312,29.349,29.422,29.482,29.494,29.458,29.47,29.482,29.458,29.458,29.446,29.482,29.482,29.349,29.325,29.227,29.094,29.094,29.009,28.887,28.875,28.777,28.631,28.484,27.587,0,0,0,0
0,0,0,0,0,27.772,27.772,27.895,28.08,28.227,28.251,28.325,28.362,28.411,28.423,28.447,28.533,28.667,28.667,28.777,28.887,29.033,28.96,29.021,29.155,29.252,29.203,29.288,29.276,29.312,29.312,29.373,29.482,29.579,29.555,29.519,29.543,29.519,29.494,29.506,29.47,29.482,29.519,29.434,29.3,29.3,29.179,29.057,29.045,28.996,28.875,28.826,28.631,28.484,28.092,0,0,0,0
0,0,0,0,0,27.612,27.834,27.957,28.178,28.227,28.325,28.374,28.362,28.411,28.472,28.508,28.508,28.655,28.789,28.936,28.911,29.033,29.179,29.215,29.155,29.264,29.349,29.312,29.312,29.349,29.397,29.494,29.446,29.579,29.64,29.628,29.543,29.579,29.555,29.519,29.519,29.47,29.47,29.385,29.349,29.24,29.167,29.045,29.045,29.057,28.972,28.765,28.765,28.435,27.489,0,0,0,0
0,0,0,0,0,27.402,27.883,27.957,28.141,28.288,28.362,28.362,28.423,28.472,28.545,28.545,28.655,28.789,28.936,28.936,29.045,29.167,29.24,29.24,29.24,29.349,29.434,29.385,29.385,29.506,29.579,29.494,29.567,29.64,29.688,29.688,29.676,29.652,29.724,29.615,29.519,29.531,29.434,29.385,29.361,29.312,29.13,29.13,29.069,29.057,29.033,28.936,28.679,28.557,27.711,0,0,0,0
0,0,0,0,0,27.735,27.735,28.08,28.239,28.264,28.3,28.411,28.472,28.521,28.545,28.631,28.777,28.923,28.923,29.021,29.118,29.179,29.215,29.227,29.288,29.446,29.434,29.47,29.482,29.603,29.603,29.628,29.652,29.736,29.724,29.748,29.833,29.773,29.724,29.785,29.7,29.531,29.531,29.434,29.409,29.409,29.288,29.24,29.13,29.082,29.069,28.96,28.74,28.74,28.313,0,0,0,0
0,0,0,0,0,27.439,27.797,28.129,28.19,28.227,28.337,28.496,28.496,28.533,28.594,28.704,28.74,28.899,28.996,29.045,29.057,29.13,29.227,29.288,29.288,29.422,29.506,29.494,29.47,29.543,29.603,29.7,29.688,29.748,29.797,29.845,29.845,29.881,29.845,29.833,29.809,29.676,29.652,29.543,29.47,29.482,29.349,29.203,29.203,29.118,29.009,28.923,28.838,28.631,28.521,0,0,0,0
0,0,0,0,0,27.34,28.018,28.018,28.202,28.3,28.411,28.472,28.57,28.606,28.679,28.704,28.85,28.972,29.069,29.069,29.118,29.227,29.312,29.288,29.373,29.458,29.506,29.494,29.506,29.567,29.676,29.676,29.748,29.785,29.797,29.833,29.881,29.893,29.857,29.833,29.821,29.736,29.615,29.615,29.543,29.434,29.361,29.276,29.167,29.142,29.009,28.923,28.887,28.838,28.178,0,0,0,0
0,0,0,0,0,27.328,27.76,28.153,28.227,28.337,28.411,28.508,28.606,28.667,28.667,28.814,28.936,28.996,29.057,29.142,29.215,29.312,29.312,29.373,29.434,29.494,29.494,29.519,29.555,29.603,29.64,29.736,29.761,29.773,29.797,29.809,29.869,29.893,29.881,29.857,29.797,29.797,29.688,29.615,29.64,29.531,29.361,29.288,29.203,29.142,29.118,28.984,28.911,28.911,28.716,27.637,0,0,0
0,0,0,0,0,27.328,27.883,28.227,28.227,28.276,28.435,28.594,28.594,28.667,28.789,28.899,28.923,28.996,29.082,29.215,29.215,29.288,29.385,29.458,29.458,29.519,29.531,29.567,29.555,29.603,29.64,29.736,29.761,29.761,29.785,29.845,29.845,29.881,29.869,29.893,29.845,29.748,29.712,29.688,29.64,29.628,29.409,29.24,29.24,29.191,29.106,29.094,28.984,29.045,28.875,27.871,0,0,0
0,0,0,0,0,27.241,28.178,28.178,28.251,28.374,28.508,28.557,28.643,28.716,28.862,28.862,29.009,29.069,29.203,29.215,29.3,29.397,29.47,29.47,29.567,29.628,29.615,29.615,29.603,29.628,29.688,29.688,29.748,29.797,29.845,29.833,29.869,29.93,29.93,29.93,29.93,29.809,29.785,29.7,29.688,29.676,29.506,29.337,29.312,29.227,29.167,29.167,29.106,29.106,28.911,28.521,0,0,0
0,0,0,0,0,0,27.735,28.067,28.288,28.447,28.447,28.618,28.692,28.789,28.814,28.996,29.106,29.191,29.203,29.325,29.434,29.506,29.506,29.579,29.664,29.761,29.688,29.652,29.688,29.736,29.688,29.797,29.821,29.797,29.869,29.881,29.918,29.918,29.954,29.966,29.99,29.942,29.785,29.761,29.712,29.676,29.64,29.458,29.3,29.3,29.227,29.167,29.167,29.118,28.911,28.472,0,0,0
0,0,0,0,0,0,27.711,28.251,28.251,28.386,28.557,28.631,28.692,28.789,28.899,29.045,29.106,29.155,29.264,29.409,29.409,29.543,29.615,29.724,29.7,29.761,29.797,29.724,29.688,29.773,29.845,29.869,29.869,29.893,29.905,29.905,29.881,29.942,29.954,29.954,29.99,29.978,29.881,29.761,29.761,29.712,29.591,29.567,29.434,29.312,29.325,29.276,29.167,29.155,28.85,27.994,27.994,0,0
0,0,0,0,0,0,27.723,28.153,28.325,28.362,28.533,28.631,28.716,28.875,28.996,28.996,29.106,29.215,29.264,29.337,29.519,29.628,29.712,29.724,29.797,29.869,29.785,29.785,29.773,29.869,29.942,29.905,29.905,29.954,29.978,29.905,29.93,29.966,29.954,29.954,29.966,29.954,29.918,29.845,29.773,29.785,29.688,29.567,29.543,29.422,29.361,29.361,29.288,29.106,28.996,28.582,27.563,0,0
0,0,0,0,0,0,27.723,28.03,28.239,28.398,28.398,28.606,28.814,28.887,28.96,29.057,29.142,29.24,29.24,29.361,29.543,29.628,29.688,29.724,29.748,29.857,29.857,29.857,29.869,29.954,29.954,29.954,29.954,29.954,30.014,29.99,29.99,29.978,29.99,29.99,29.978,29.966,29.978,29.893,29.821,29.821,29.761,29.652,29.603,29.506,29.397,29.385,29.361,29.276,29.227,28.789,27.784,27.784,0
0,0,0,0,0,0,27.698,28.043,28.153,28.276,28.349,28.582,28.704,28.789,28.948,29.106,29.106,29.24,29.325,29.409,29.47,29.628,29.664,29.688,29.748,29.809,29.881,29.893,29.893,29.954,30.014,30.062,29.99,30.014,30.026,29.99,29.99,29.99,30.014,30.002,30.002,30.002,29.966,29.918,29.857,29.785,29.736,29.676,29.603,29.555,29.446,29.397,29.397,29.337,29.13,28.899,28.386,27.278,0
0,0,0,0,0,0,27.624,28.043,28.067,28.227,28.472,28.472,28.692,28.85,28.936,29.033,29.227,29.312,29.373,29.409,29.458,29.603,29.688,29.688,29.748,29.869,29.93,29.918,29.966,30.05,30.11,30.062,30.098,30.05,29.99,29.99,29.99,30.014,30.014,30.014,30.014,30.014,29.966,29.918,29.869,29.785,29.724,29.724,29.652,29.543,29.579,29.458,29.361,29.312,29.215,28.899,28.533,27.402,0
0,0,0,0,0,0,26.931,27.907,28.104,28.214,28.349,28.606,28.728,28.875,28.936,29.033,29.24,29.361,29.361,29.397,29.482,29.531,29.64,29.712,29.761,29.905,29.93,29.954,30.014,30.05,30.098,30.11,30.086,30.086,30.014,30.014,30.062,30.038,30.014,30.014,30.002,30.014,29.978,29.918,29.833,29.833,29.773,29.761,29.761,29.664,29.579,29.591,29.397,29.312,29.337,29.069,28.055,28.055,0
0,0,0,0,0,0,27.637,28.055,28.067,28.214,28.349,28.631,28.728,28.826,28.948,29.118,29.118,29.288,29.361,29.337,29.385,29.531,29.628,29.724,29.724,29.833,29.918,29.881,29.93,30.038,30.038,30.05,30.086,30.05,30.014,30.05,30.05,30.05,30.002,29.954,29.978,29.966,29.93,29.893,29.881,29.833,29.785,29.785,29.785,29.724,29.664,29.64,29.555,29.422,29.494,29.045,28.618,27.944,0
0,0,0,0,0,0,27.711,27.711,28.153,28.264,28.386,28.496,28.74,28.826,28.948,29.009,29.057,29.203,29.3,29.3,29.409,29.591,29.688,29.7,29.785,29.833,29.881,29.881,29.893,29.99,30.014,30.014,30.002,30.002,29.954,29.99,30.026,29.966,29.93,29.954,29.918,29.893,29.893,29.893,29.857,29.785,29.748,29.748,29.736,29.676,29.628,29.64,29.579,29.506,29.312,29.312,28.398,27.464,0
0,0,0,0,0,0,27.031,27.981,28.116,28.3,28.386,28.508,28.728,28.887,28.887,28.984,29.13,29.215,29.252,29.361,29.494,29.652,29.688,29.724,29.809,29.869,29.869,29.881,29.93,29.93,29.99,29.966,29.942,29.966,29.954,29.93,29.954,29.966,29.93,29.918,29.893,29.893,29.881,29.869,29.857,29.833,29.748,29.724,29.7,29.676,29.628,29.579,29.519,29.519,29.434,28.862,28.362,27.858,0
0,0,0,0,0,0,26.956,27.944,28.116,28.19,28.398,28.618,28.618,28.814,28.923,28.996,29.057,29.215,29.264,29.397,29.494,29.567,29.676,29.761,29.761,29.857,29.881,29.869,29.893,29.942,29.918,29.918,29.942,29.93,29.918,29.93,29.93,29.942,29.93,29.918,29.905,29.881,29.857,29.857,29.857,29.809,29.724,29.7,29.7,29.664,29.591,29.567,29.555,29.494,29.494,28.899,28.362,27.883,0
0,0,0,0,0,0,27.476,27.476,28.043,28.264,28.362,28.496,28.704,28.753,28.911,28.996,29.082,29.215,29.288,29.288,29.446,29.579,29.603,29.7,29.821,29.845,29.857,29.869,29.869,29.881,29.893,29.905,29.905,29.918,29.881,29.881,29.833,29.881,29.905,29.905,29.881,29.833,29.761,29.821,29.797,29.7,29.652,29.676,29.64,29.628,29.567,29.567,29.531,29.494,29.494,29.264,28.337,27.846,0
0,0,0,0,0,0,0,27.501,28.03,28.227,28.227,28.423,28.582,28.631,28.789,28.948,28.96,29.082,29.191,29.215,29.373,29.494,29.494,29.652,29.785,29.785,29.833,29.845,29.845,29.869,29.893,29.905,29.905,29.918,29.918,29.833,29.797,29.797,29.845,29.857,29.785,29.809,29.761,29.7,29.676,29.7,29.628,29.603,29.603,29.603,29.567,29.531,29.482,29.47,29.397,29.203,28.288,27.846,0
0,0,0,0,0,0,0,27.92,27.92,28.116,28.3,28.349,28.459,28.631,28.692,28.838,28.96,28.96,29.106,29.3,29.3,29.397,29.519,29.543,29.688,29.797,29.797,29.821,29.845,29.833,29.857,29.893,29.893,29.905,29.881,29.797,29.773,29.761,29.724,29.748,29.785,29.712,29.664,29.652,29.652,29.615,29.591,29.579,29.591,29.579,29.519,29.458,29.482,29.434,29.385,28.765,28.765,27.797,0
0,0,0,0,0,0,0,27.513,28.006,28.03,28.227,28.349,28.398,28.557,28.74,28.74,28.85,28.972,29.021,29.179,29.337,29.337,29.434,29.543,29.567,29.712,29.773,29.773,29.785,29.773,29.712,29.821,29.845,29.736,29.736,29.797,29.724,29.688,29.688,29.688,29.7,29.676,29.652,29.652,29.628,29.603,29.567,29.579,29.567,29.531,29.446,29.446,29.397,29.361,29.361,29.057,28.141,27.661,0
0,0,0,0,0,0,0,27.464,27.932,28.067,28.067,28.264,28.423,28.459,28.606,28.765,28.777,28.887,29.021,29.057,29.215,29.361,29.361,29.47,29.579,29.579,29.7,29.748,29.712,29.724,29.712,29.652,29.64,29.736,29.603,29.664,29.628,29.688,29.652,29.615,29.603,29.652,29.615,29.603,29.579,29.579,29.555,29.531,29.494,29.531,29.446,29.349,29.264,29.3,29.179,28.838,28.03,28.03,0
0,0,0,0,0,0,0,27.427,27.821,27.957,27.994,28.214,28.313,28.349,28.484,28.667,28.667,28.801,28.936,29.009,29.082,29.264,29.349,29.422,29.482,29.494,29.615,29.676,29.676,29.664,29.603,29.531,29.567,29.506,29.446,29.519,29.628,29.591,29.579,29.555,29.555,29.531,29.555,29.494,29.531,29.519,29.434,29.422,29.494,29.434,29.385,29.264,29.264,29.167,29.033,28.753,28.459,27.711,0
0,0,0,0,0,0,0,27.427,27.649,27.883,28.092,28.092,28.3,28.398,28.484,28.545,28.716,28.801,28.996,29.009,29.069,29.24,29.373,29.373,29.385,29.506,29.519,29.603,29.64,29.603,29.531,29.531,29.47,29.434,29.446,29.446,29.519,29.543,29.494,29.519,29.47,29.434,29.482,29.494,29.446,29.397,29.361,29.361,29.361,29.349,29.349,29.288,29.167,29.069,29.069,28.753,28.374,27.698,0
0,0,0,0,0,0,0,27.266,27.772,27.858,27.957,28.202,28.3,28.472,28.484,28.594,28.704,28.911,28.911,29.045,29.13,29.13,29.312,29.337,29.325,29.385,29.519,29.506,29.555,29.603,29.519,29.458,29.422,29.422,29.409,29.446,29.446,29.494,29.494,29.446,29.409,29.434,29.446,29.458,29.385,29.385,29.349,29.312,29.215,29.264,29.24,29.13,29.069,29.069,28.936,28.606,28.043,0,0
0,0,0,0,0,0,0,0,27.612,27.858,27.932,28.141,28.3,28.398,28.57,28.643,28.643,28.753,28.96,28.936,29.033,29.203,29.276,29.325,29.325,29.361,29.434,29.47,29.47,29.47,29.422,29.397,29.422,29.409,29.385,29.385,29.446,29.434,29.446,29.385,29.397,29.385,29.349,29.373,29.397,29.3,29.24,29.191,29.191,29.082,29.045,28.984,29.033,28.972,28.911,28.631,28.349,0,0
0,0,0,0,0,0,0,0,27.489,27.858,27.932,28.018,28.251,28.349,28.557,28.631,28.643,28.704,28.85,28.85,28.948,29.142,29.167,29.276,29.3,29.276,29.312,29.385,29.337,29.337,29.349,29.349,29.422,29.397,29.349,29.349,29.373,29.349,29.349,29.385,29.312,29.288,29.312,29.312,29.276,29.179,29.069,29.155,29.069,28.96,28.984,28.984,28.936,28.948,28.911,28.838,28.472,0,0
0,0,0,0,0,0,0,0,27.476,27.858,27.932,27.981,28.19,28.411,28.411,28.57,28.655,28.679,28.765,28.875,28.899,29.009,29.167,29.142,29.203,29.276,29.276,29.288,29.3,29.3,29.312,29.397,29.373,29.397,29.349,29.312,29.3,29.349,29.3,29.276,29.227,29.227,29.227,29.227,29.13,29.142,29.069,28.996,28.948,28.96,28.887,28.875,28.911,28.911,28.936,28.74,28.496,0,0
0,0,0,0,0,0,0,0,27.476,27.735,27.92,28.018,28.018,28.239,28.435,28.435,28.57,28.679,28.667,28.765,28.899,28.923,29.045,29.118,29.118,29.215,29.252,29.215,29.264,29.276,29.264,29.325,29.373,29.276,29.264,29.276,29.276,29.252,29.215,29.118,29.179,29.142,29.045,29.082,29.13,29.045,28.96,28.911,28.911,28.85,28.814,28.753,28.838,28.911,28.936,28.74,28.496,0,0
0,0,0,0,0,0,0,0,27.353,27.858,27.907,27.944,28.067,28.104,28.3,28.435,28.447,28.557,28.631,28.631,28.777,28.948,28.936,29.033,29.118,29.082,29.118,29.215,29.179,29.203,29.264,29.264,29.252,29.215,29.191,29.24,29.215,29.106,29.057,29.118,29.021,28.984,28.972,28.972,28.996,28.911,28.948,28.887,28.814,28.74,28.765,28.704,28.789,28.936,28.936,28.899,28.472,0,0
0,0,0,0,0,0,0,0,27.167,27.797,27.797,27.944,28.018,28.092,28.165,28.337,28.386,28.459,28.545,28.557,28.679,28.814,28.826,28.899,28.972,28.972,29.009,29.082,29.082,29.167,29.203,29.203,29.191,29.191,29.142,29.142,29.069,29.069,28.972,28.936,28.875,28.948,28.911,28.838,28.838,28.911,28.826,28.789,28.74,28.74,28.679,28.728,28.838,28.911,28.984,28.972,28.472,0,0
0,0,0,0,0,0,0,0,26.67,27.538,27.907,27.981,28.018,28.092,28.165,28.313,28.386,28.459,28.533,28.594,28.594,28.716,28.801,28.777,28.862,28.911,28.875,28.948,29.082,29.057,29.106,29.142,29.142,29.082,29.082,28.996,29.021,28.923,28.777,28.753,28.875,28.826,28.801,28.753,28.753,28.765,28.753,28.716,28.753,28.704,28.692,28.753,28.838,28.972,29.057,28.765,0,0,0
0,0,0,0,0,0,0,0,0,27.464,27.883,27.981,28.03,28.104,28.239,28.239,28.386,28.496,28.521,28.557,28.631,28.643,28.716,28.777,28.777,28.85,28.875,28.875,28.96,29.021,28.984,29.057,29.021,28.948,28.96,28.996,28.875,28.777,28.692,28.692,28.716,28.74,28.606,28.679,28.667,28.594,28.679,28.716,28.74,28.74,28.692,28.728,28.887,29.069,29.069,28.972,0,0,0
0,0,0,0,0,0,0,0,0,27.698,27.698,27.944,28.055,28.067,28.141,28.288,28.349,28.435,28.521,28.521,28.57,28.643,28.643,28.692,28.777,28.777,28.862,28.887,28.875,28.96,28.984,28.936,28.911,28.948,28.923,28.85,28.74,28.74,28.679,28.643,28.57,28.643,28.606,28.508,28.508,28.594,28.57,28.679,28.728,28.728,28.74,28.74,28.899,29.021,29.106,28.984,0,0,0
0,0,0,0,0,0,0,0,0,27.427,27.846,27.92,27.981,28.006,28.08,28.239,28.239,28.386,28.459,28.447,28.496,28.545,28.508,28.557,28.667,28.643,28.74,28.777,28.777,28.85,28.887,28.765,28.85,28.862,28.753,28.631,28.679,28.557,28.57,28.521,28.521,28.472,28.459,28.411,28.447,28.484,28.484,28.57,28.667,28.594,28.655,28.74,28.74,29.021,29.057,28.655,0,0,0
0,0,0,0,0,0,0,0,0,27.402,27.834,27.834,27.932,28.018,28.043,28.129,28.313,28.362,28.423,28.447,28.447,28.447,28.472,28.472,28.521,28.594,28.545,28.667,28.728,28.679,28.679,28.765,28.606,28.643,28.606,28.606,28.484,28.484,28.374,28.459,28.386,28.3,28.386,28.411,28.337,28.374,28.484,28.459,28.496,28.57,28.57,28.643,28.862,29.009,29.057,28.655,0,0,0
0,0,0,0,0,0,0,0,0,27.328,27.637,27.858,27.821,27.932,28.043,28.08,28.251,28.362,28.386,28.398,28.435,28.435,28.423,28.447,28.423,28.484,28.545,28.496,28.557,28.679,28.606,28.521,28.484,28.484,28.533,28.447,28.3,28.386,28.374,28.239,28.202,28.3,28.239,28.251,28.251,28.251,28.337,28.423,28.435,28.496,28.594,28.667,28.899,29.009,28.887,28.19,0,0,0
0,0,0,0,0,0,0,0,0,27.328,27.538,27.723,27.821,27.846,27.981,28.104,28.104,28.288,28.349,28.276,28.374,28.411,28.362,28.349,28.423,28.374,28.411,28.435,28.435,28.508,28.496,28.398,28.411,28.423,28.362,28.264,28.3,28.165,28.153,28.104,28.104,28.116,28.165,28.067,28.153,28.214,28.239,28.362,28.435,28.496,28.618,28.753,28.753,28.899,28.484,0,0,0,0
0,0,0,0,0,0,0,0,0,27.241,27.6,27.6,27.76,27.92,27.981,28.018,28.03,28.129,28.19,28.19,28.227,28.3,28.227,28.288,28.3,28.276,28.337,28.362,28.337,28.362,28.374,28.374,28.313,28.3,28.239,28.264,28.129,28.018,27.957,28.03,27.92,27.92,28.043,27.969,28.055,28.165,28.165,28.276,28.423,28.459,28.557,28.643,28.692,28.777,28.692,0,0,0,0
0,0,0,0,0,0,0,0,0,26.832,27.402,27.563,27.784,27.858,27.932,28.006,28.043,28.043,28.116,28.165,28.178,28.214,28.227,28.141,28.165,28.276,28.276,28.313,28.313,28.313,28.325,28.288,28.202,28.239,28.239,28.141,28.03,28.018,27.932,27.883,27.846,27.846,27.846,27.969,28.018,28.104,28.19,28.178,28.325,28.459,28.472,28.594,28.74,28.74,28.618,0,0,0,0
0,0,0,0,0,0,0,0,0,0,27.377,27.698,27.698,27.846,27.944,27.92,27.994,28.043,28.067,28.165,28.178,28.141,28.116,28.104,28.104,28.178,28.264,28.227,28.276,28.276,28.227,28.202,28.202,28.116,28.08,28.03,28.03,27.944,27.871,27.834,27.834,27.797,27.784,27.907,28.018,28.006,28.043,28.165,28.165,28.325,28.472,28.472,28.618,28.679,28.484,0,0,0,0
0,0,0,0,0,0,0,0,0,0,27.278,27.575,27.772,27.76,27.834,27.92,27.895,27.969,28.104,28.104,28.129,28.08,28.03,28.08,28.104,28.092,28.141,28.227,28.178,28.165,28.165,28.165,28.116,28.043,27.969,27.994,27.932,27.846,27.883,27.834,27.797,27.772,27.784,27.809,27.907,27.932,27.932,28.006,28.153,28.153,28.325,28.472,28.459,28.459,28.484,0,0,0,0
0,0,0,0,0,0,0,0,0,0,27.278,27.464,27.698,27.76,27.747,27.821,27.883,27.883,27.981,28.067,27.969,28.018,27.957,28.006,28.03,28.03,28.067,28.116,28.092,28.129,28.116,28.067,28.03,28.043,27.981,27.883,27.784,27.784,27.772,27.76,27.686,27.735,27.723,27.686,27.747,27.846,27.797,27.871,27.981,27.981,28.153,28.325,28.276,28.386,0,0,0,0,0
0,0,0,0,0,0,0,0,0,0,27.13,27.365,27.575,27.686,27.674,27.747,27.821,27.834,27.883,27.932,27.932,27.907,27.944,27.944,27.981,28.018,27.981,28.03,28.092,28.067,28.03,28.006,28.006,27.969,27.895,27.772,27.76,27.711,27.649,27.637,27.686,27.612,27.6,27.649,27.649,27.723,27.784,27.772,27.846,27.944,27.932,28.116,28.276,28.08,0,0,0,0,0
0,0,0,0,0,0,0,0,0,0,27.068,27.365,27.489,27.6,27.661,27.661,27.76,27.834,27.821,27.883,27.907,27.895,27.907,27.944,27.932,27.944,27.944,27.944,28.006,28.006,27.932,27.969,27.92,27.821,27.76,27.772,27.686,27.612,27.649,27.6,27.587,27.55,27.55,27.563,27.637,27.624,27.711,27.772,27.735,27.784,27.932,27.932,27.994,27.76,0,0,0,0,0
0,0,0,0,0,0,0,0,0,0,26.683,27.278,27.513,27.513,27.587,27.661,27.674,27.76,27.821,27.834,27.883,27.895,27.883,27.895,27.92,27.92,27.907,27.907,27.883,27.957,27.932,27.834,27.772,27.821,27.723,27.674,27.612,27.612,27.563,27.563,27.464,27.501,27.489,27.464,27.538,27.624,27.6,27.649,27.698,27.698,27.772,27.871,27.747,27.76,0,0,0,0,0
0,0,0,0,0,0,0,0,0,0,0,27.117,27.353,27.513,27.526,27.587,27.674,27.686,27.784,27.871,27.871,27.871,27.858,27.858,27.895,27.92,27.907,27.858,27.858,27.834,27.784,27.711,27.735,27.686,27.612,27.587,27.612,27.526,27.439,27.414,27.414,27.34,27.365,27.365,27.451,27.526,27.489,27.526,27.624,27.587,27.661,27.698,27.698,27.563,0,0,0,0,0
0,0,0,0,0,0,0,0,0,0,0,26.782,27.266,27.464,27.451,27.513,27.6,27.624,27.76,27.834,27.858,27.858,27.858,27.858,27.895,27.907,27.871,27.883,27.821,27.76,27.686,27.711,27.637,27.587,27.612,27.55,27.526,27.427,27.427,27.353,27.303,27.241,27.278,27.365,27.365,27.451,27.489,27.464,27.513,27.575,27.575,27.637,27.563,27.316,0,0,0,0,0
0,0,0,0,0,0,0,0,0,0,0,27.006,27.192,27.377,27.451,27.39,27.501,27.624,27.661,27.797,27.846,27.846,27.871,27.895,27.858,27.871,27.871,27.821,27.772,27.76,27.674,27.612,27.55,27.55,27.501,27.501,27.439,27.451,27.328,27.254,27.241,27.241,27.229,27.254,27.353,27.353,27.414,27.439,27.414,27.501,27.55,27.489,27.34,27.316,0,0,0,0,0
0,0,0,0,0,0,0,0,0,0,0,26.882,27.192,27.254,27.278,27.365,27.365,27.538,27.698,27.735,27.797,27.858,27.883,27.871,27.858,27.76,27.76,27.772,27.772,27.674,27.587,27.489,27.526,27.464,27.377,27.377,27.439,27.328,27.217,27.217,27.217,27.204,27.179,27.093,27.204,27.316,27.254,27.303,27.414,27.365,27.427,27.353,27.353,27.08,0,0,0,0,0
0,0,0,0,0,0,0,0,0,0,0,0,27.031,27.192,27.155,27.229,27.39,27.439,27.637,27.735,27.735,27.821,27.846,27.846,27.747,27.698,27.698,27.747,27.686,27.55,27.451,27.489,27.402,27.328,27.328,27.316,27.278,27.155,27.179,27.155,27.142,27.105,27.13,27.031,27.031,27.13,27.13,27.204,27.266,27.254,27.34,27.353,27.167,0,0,0,0,0,0
0,0,0,0,0,0,0,0,0,0,0,0,26.919,27.093,27.093,27.155,27.278,27.278,27.489,27.624,27.563,27.711,27.784,27.698,27.624,27.661,27.612,27.649,27.587,27.587,27.439,27.377,27.291,27.303,27.254,27.155,27.105,27.155,27.043,27.068,27.068,27.068,26.981,26.956,26.907,27.018,27.105,27.068,27.155,27.254,27.241,27.179,26.857,0,0,0,0,0,0
0,0,0,0,0,0,0,0,0,0,0,0,26.658,27.018,27.08,27.043,27.155,27.303,27.278,27.402,27.563,27.526,27.612,27.612,27.612,27.563,27.563,27.476,27.55,27.451,27.316,27.266,27.291,27.192,27.117,27.043,27.043,27.006,26.969,26.919,27.006,26.919,26.832,26.844,26.907,26.907,26.993,27.043,27.043,27.142,27.155,26.969,26.894,0,0,0,0,0,0
0,0,0,0,0,0,0,0,0,0,0,0,26.857,26.894,26.993,27.043,27.018,27.117,27.241,27.241,27.365,27.489,27.439,27.538,27.526,27.439,27.39,27.476,27.353,27.278,27.316,27.229,27.179,27.093,27.093,27.006,26.969,26.931,26.919,26.919,26.894,26.832,26.832,26.82,26.832,26.931,26.931,26.969,27.031,27.043,27.117,26.969,26.633,0,0,0,0,0,0
0,0,0,0,0,0,0,0,0,0,0,0,26.521,26.894,26.919,26.969,27.006,27.006,27.105,27.229,27.241,27.365,27.439,27.353,27.39,27.439,27.34,27.303,27.241,27.241,27.192,27.179,27.105,27.093,26.993,26.919,26.919,26.931,26.894,26.882,26.857,26.857,26.807,26.757,26.72,26.832,26.832,26.894,26.969,26.969,27.018,26.745,26.334,0,0,0,0,0,0
0,0,0,0,0,0,0,0,0,0,0,0,25.934,26.67,26.844,26.944,26.956,26.944,27.006,27.117,27.117,27.229,27.266,27.254,27.328,27.328,27.266,27.241,27.229,27.179,27.155,27.105,27.105,27.006,26.919,26.832,26.869,26.882,26.807,26.807,26.857,26.807,26.77,26.683,26.683,26.708,26.832,26.82,26.894,26.981,26.869,26.496,26.334,0,0,0,0,0,0
0,0,0,0,0,0,0,0,0,0,0,0,25.771,26.621,26.931,26.931,26.919,26.944,26.931,27.006,27.117,27.093,27.167,27.254,27.291,27.278,27.204,27.204,27.179,27.13,27.13,27.08,26.981,26.869,26.907,26.832,26.782,26.782,26.807,26.77,26.782,26.757,26.757,26.708,26.658,26.708,26.745,26.82,26.795,26.844,26.869,26.633,26.121,0,0,0,0,0,0
0,0,0,0,0,0,0,0,0,0,0,0,0,26.171,26.82,26.907,26.882,26.894,26.931,26.931,26.993,27.093,27.055,27.155,27.217,27.217,27.13,27.142,27.055,27.105,27.043,26.907,26.832,26.869,26.782,26.757,26.745,26.745,26.745,26.745,26.695,26.733,26.695,26.658,26.708,26.708,26.72,26.72,26.782,26.782,26.72,26.271,25.846,0,0,0,0,0,0
0,0,0,0,0,0,0,0,0,0,0,0,0,26.409,26.471,26.832,26.882,26.882,26.894,26.919,26.919,26.956,27.018,26.956,27.093,27.055,26.944,26.981,27.055,26.944,26.869,26.795,26.795,26.745,26.72,26.67,26.708,26.695,26.633,26.646,26.695,26.608,26.583,26.646,26.646,26.708,26.67,26.658,26.708,26.683,26.509,25.946,25.946,0,0,0,0,0,0
0,0,0,0,0,0,0,0,0,0,0,0,0,25.871,26.071,26.558,26.869,26.869,26.869,26.894,26.869,26.832,26.844,26.844,26.882,26.882,26.882,26.894,26.907,26.795,26.832,26.77,26.695,26.658,26.683,26.646,26.596,26.546,26.546,26.571,26.571,26.471,26.521,26.533,26.471,26.583,26.67,26.621,26.621,26.546,26.546,26.109,25.632,0,0,0,0,0,0
0,0,0,0,0,0,0,0,0,0,0,0,0,0,26.071,26.384,26.795,26.869,26.82,26.832,26.82,26.82,26.782,26.807,26.757,26.82,26.82,26.757,26.745,26.795,26.695,26.67,26.633,26.633,26.596,26.558,26.434,26.471,26.471,26.409,26.409,26.471,26.359,26.359,26.434,26.434,26.533,26.546,26.484,26.546,26.296,25.971,0,0,0,0,0,0,0
0,0,0,0,0,0,0,0,0,0,0,0,0,0,25.846,26.633,26.633,26.807,26.77,26.72,26.782,26.77,26.72,26.708,26.757,26.708,26.708,26.67,26.67,26.633,26.608,26.533,26.596,26.546,26.434,26.384,26.434,26.309,26.309,26.321,26.321,26.284,26.296,26.271,26.321,26.396,26.371,26.409,26.484,26.396,26.084,25.632,0,0,0,0,0,0,0
0,0,0,0,0,0,0,0,0,0,0,0,0,0,0,26.121,26.77,26.795,26.733,26.72,26.695,26.695,26.72,26.658,26.646,26.67,26.67,26.633,26.558,26.459,26.533,26.533,26.459,26.396,26.434,26.321,26.271,26.209,26.209,26.221,26.196,26.121,26.209,26.271,26.234,26.259,26.371,26.309,26.321,26.109,26.109,25.658,0,0,0,0,0,0,0
0,0,0,0,0,0,0,0,0,0,0,0,0,0,0,25.582,26.459,26.459,26.733,26.695,26.683,26.67,26.646,26.583,26.521,26.608,26.583,26.571,26.446,26.446,26.396,26.421,26.384,26.384,26.296,26.234,26.196,26.184,26.109,26.084,26.059,26.059,26.084,26.146,26.046,26.146,26.196,26.084,26.009,26.071,25.67,0,0,0,0,0,0,0,0
0,0,0,0,0,0,0,0,0,0,0,0,0,0,0,0,25.808,26.496,26.484,26.67,26.683,26.608,26.621,26.509,26.509,26.484,26.558,26.509,26.496,26.384,26.359,26.359,26.384,26.321,26.234,26.196,26.196,26.146,26.059,26.034,26.034,26.021,25.971,25.971,26.046,25.984,26.009,25.971,25.971,25.733,0,0,0,0,0,0,0,0,0
0,0,0,0,0,0,0,0,0,0,0,0,0,0,0,0,0,26.034,26.409,26.409,26.459,26.459,26.459,26.521,26.434,26.371,26.484,26.509,26.421,26.309,26.359,26.321,26.271,26.221,26.221,26.146,26.134,26.071,26.059,26.034,26.021,25.971,25.971,25.934,25.934,25.959,25.959,25.959,25.821,25.544,0,0,0,0,0,0,0,0,0
0,0,0,0,0,0,0,0,0,0,0,0,0,0,0,0,0,0,25.896,26.084,25.582,26.059,26.234,25.971,26.209,26.371,26.334,26.396,26.296,26.296,26.246,26.246,26.159,26.171,26.109,26.034,26.071,26.071,26.034,26.034,25.984,25.984,25.921,25.909,25.909,25.934,25.946,25.909,25.632,0,0,0,0,0,0,0,0,0,0
0,0,0,0,0,0,0,0,0,0,0,0,0,0,0,0,0,0,0,0,0,25.154,25.343,25.141,25.771,26.096,25.946,26.109,26.284,26.134,26.146,26.159,26.159,26.071,25.984,25.909,26.009,26.034,25.959,25.971,25.984,25.896,25.871,25.871,25.871,25.884,25.846,25.645,25.67,0,0,0,0,0,0,0,0,0,0
0,0,0,0,0,0,0,0,0,0,0,0,0,0,0,0,0,0,0,0,0,0,0,0,0,25.507,25.946,25.771,25.921,25.996,25.996,26.046,26.059,25.921,25.959,25.909,25.884,25.934,25.959,25.909,25.871,25.846,25.846,25.858,25.871,25.833,25.821,25.645,0,0,0,0,0,0,0,0,0,0,0
0,0,0,0,0,0,0,0,0,0,0,0,0,0,0,0,0,0,0,0,0,0,0,0,0,0,0,25.557,25.343,25.708,25.808,25.62,25.771,25.921,25.758,25.771,25.896,25.896,25.871,25.858,25.783,25.821,25.858,25.846,25.808,25.833,25.62,0,0,0,0,0,0,0,0,0,0,0,0
0,0,0,0,0,0,0,0,0,0,0,0,0,0,0,0,0,0,0,0,0,0,0,0,0,0,0,0,0,0,0,25.507,25.507,25.632,25.632,25.557,25.771,25.833,25.67,25.683,25.783,25.683,25.746,25.733,25.733,25.57,0,0,0,0,0,0,0,0,0,0,0,0,0
0,0,0,0,0,0,0,0,0,0,0,0,0,0,0,0,0,0,0,0,0,0,0,0,0,0,0,0,0,0,0,0,0,0,25.532,25.444,25.456,25.507,25.507,25.532,25.532,25.406,25.57,25.607,0,0,0,0,0,0,0,0,0,0,0,0,0,0,0
0,0,0,0,0,0,0,0,0,0,0,0,0,0,0,0,0,0,0,0,0,0,0,0,0,0,0,0,0,0,0,0,0,0,0,0,0,0,0,0,0,0,0,0,0,0,0,0,0,0,0,0,0,0,0,0,0,0,0
