0,0,0,0,0,0,0,0,0,0,0,0,0,0,0,0,0,0,0,0,0,0,0,0,0,0,0,0,0,0,0,0,0,0,0,0,0,0,0,0,0,0,0,0,0,0,0,0,0,0,0,0,0,0,0,0,0,0,0,0,0,0,0,0,0,0,0,0
0,0,0,0,0,0,0,0,0,0,0,0,0,0,0,0,0,0,0,0,0,0,0,0,0,0,0,0,0,0,0,0,0,0,0,0,0,0,0,0,0,0,0,0,0,21.218,22.437,23.156,21.901,21.857,21.824,0,0,0,0,0,0,0,0,0,0,0,0,0,0,0,0,0
0,0,0,0,0,0,0,0,0,0,0,0,0,0,0,0,0,0,0,0,0,0,0,0,0,0,0,0,0,0,0,0,0,0,0,0,0,0,0,0,0,0,0,23.386,22.795,23.304,23.402,23.402,23.129,23.195,23.206,22.899,20.356,0,0,0,0,0,0,0,0,0,0,0,0,0,0,0
0,0,0,0,0,0,0,0,0,0,0,0,0,0,0,0,0,0,0,0,0,0,0,0,0,0,0,20.939,22.415,20.905,22.2,22.481,22.674,20.114,0,0,0,0,0,0,0,22.685,23.582,23.675,23.582,23.577,23.626,23.599,23.484,23.321,23.462,23.299,22.542,22.045,0,0,0,0,0,0,0,0,0,0,0,0,0,0
0,0,0,0,0,0,0,0,0,0,0,0,0,0,0,0,0,0,0,0,0,0,0,0,0,19.515,21.968,22.795,22.894,22.734,23.009,23.031,22.674,22.481,22.255,20.721,0,0,0,0,23.566,23.664,23.653,23.751,23.691,23.61,23.61,23.615,23.512,23.577,23.501,23.462,23.321,23.036,22.8,0,0,0,0,0,0,0,0,0,0,0,0,0
0,0,0,0,0,0,0,0,0,0,0,0,0,0,0,0,0,0,0,0,0,0,0,22.189,22.189,22.437,22.652,22.987,22.894,22.981,23.091,23.009,23.009,23.058,22.954,22.773,18.196,19.145,0,23.816,23.762,23.61,23.68,23.871,23.604,23.724,23.74,23.648,23.528,23.631,23.544,23.539,23.462,23.326,23.326,21.99,0,0,0,0,0,0,0,0,0,0,0,0
0,0,0,0,0,0,0,0,0,0,0,0,0,0,0,0,0,0,0,0,0,0,0,22.624,22.905,22.926,23.014,22.976,23.096,22.965,23.025,23.167,22.921,23.031,23.08,23.135,20.995,21.179,23.457,23.816,23.816,23.827,23.92,23.882,23.806,23.838,23.686,23.702,23.582,23.691,23.664,23.539,23.452,23.468,23.277,22.619,21.19,0,0,0,0,0,0,0,0,0,0,0
0,0,0,0,0,0,0,0,0,0,0,0,0,0,0,0,0,0,0,0,0,0,22.244,22.97,22.959,23.036,23.069,22.932,23.052,23.118,23.113,23.244,23.167,23.26,23.184,23.364,22.899,23.838,24.055,24.055,23.969,23.735,23.865,23.876,23.762,23.871,23.816,23.702,23.746,23.67,23.653,23.621,23.691,23.512,23.55,23.255,22.767,0,0,0,0,0,0,0,0,0,0,0
0,0,0,0,0,0,0,0,0,0,0,0,0,0,0,0,0,0,0,0,0,0,22.619,22.915,22.894,22.976,22.948,22.932,23.124,23.091,23.178,23.184,23.156,23.342,23.277,23.501,23.735,24.12,23.947,23.844,23.963,23.931,23.903,23.838,23.92,23.762,23.844,23.659,23.816,23.751,23.735,23.55,23.653,23.522,23.642,23.468,23.386,23.009,0,0,0,0,0,0,0,0,0,0
0,0,0,0,0,0,0,0,0,0,0,0,0,0,0,0,0,0,0,0,0,22.333,22.8,23.003,23.003,23.003,23.042,22.981,23.151,23.2,23.195,23.211,23.249,23.31,23.31,23.364,23.8,24.093,24.104,23.844,23.974,23.909,23.969,23.757,23.865,23.909,23.876,23.849,23.691,23.865,23.746,23.724,23.719,23.702,23.566,23.697,23.49,23.501,0,0,0,0,0,0,0,0,0,0
0,0,0,0,0,0,0,0,0,0,0,0,0,0,0,0,0,0,0,0,0,22.079,22.839,22.817,22.987,22.965,23.042,23.047,23.266,23.156,23.266,23.293,23.441,23.441,23.435,23.364,23.691,24.001,24.223,23.963,24.028,23.882,23.909,23.931,23.882,23.844,23.925,23.773,23.893,23.833,23.86,23.757,23.729,23.784,23.593,23.637,23.539,23.648,23.381,0,0,0,0,0,0,0,0,0
0,0,0,0,0,0,0,0,0,0,0,0,0,0,0,0,0,0,0,0,0,20.345,22.255,22.811,22.987,23.085,22.965,23.151,23.249,23.195,23.249,23.293,23.381,23.675,23.588,23.74,24.153,24.37,24.294,23.985,24.05,24.05,24.093,23.887,23.795,24.099,24.045,23.844,23.806,23.903,23.876,23.789,23.816,23.762,23.854,23.708,23.593,23.577,23.637,0,0,0,0,0,0,0,0,0
0,0,0,0,0,0,0,0,0,0,0,0,0,0,0,0,0,0,0,0,0,17.799,20.586,22.371,22.85,23.031,22.998,23.151,23.359,23.217,23.239,23.375,23.331,23.462,23.631,23.925,24.196,24.402,24.38,24.066,24.001,24.061,24.077,24.11,23.974,23.99,24.061,24.055,24.055,23.833,23.865,23.8,23.806,23.757,23.767,23.865,23.621,23.724,23.637,23.331,0,0,0,0,0,0,0,0
0,0,0,0,0,0,0,0,0,0,0,0,0,0,0,0,0,22.553,22.641,22.69,20.114,19.696,20.833,22.894,23.031,22.959,22.959,23.124,23.135,23.195,23.299,23.211,23.364,23.473,23.648,23.8,24.055,24.532,24.348,24.077,24.18,24.175,24.153,24.072,24.088,24.023,24.061,23.979,23.898,24.061,23.882,23.8,23.827,23.844,23.74,23.735,23.735,23.778,23.599,23.517,0,0,0,0,0,0,0,0
0,0,0,0,0,0,0,0,0,0,0,0,0,0,0,0,22.8,22.844,22.981,22.976,22.531,22.36,21.846,22.399,23.025,22.987,23.08,23.156,23.282,23.441,23.331,23.43,23.517,23.691,23.691,23.816,24.445,24.429,24.461,24.207,24.148,24.202,24.202,24.061,24.169,24.261,24.023,24.077,24.066,24.055,23.882,23.893,23.92,23.969,23.729,23.713,23.746,23.767,23.621,23.659,0,0,0,0,0,0,0,0
0,0,0,0,0,0,0,0,0,0,0,0,0,0,0,22.811,22.767,22.877,23.031,22.976,23.036,23.074,22.965,21.696,22.608,22.998,23.195,23.167,23.299,23.359,23.446,23.637,23.838,23.903,24.104,24.375,24.267,24.51,24.445,24.202,24.261,24.115,24.115,24.229,24.175,24.012,24.023,24.18,24.072,24.202,24.082,24.028,23.985,23.974,23.795,23.936,23.827,23.963,23.724,23.702,23.664,0,0,0,0,0,0,0
0,0,0,0,0,0,0,0,0,0,0,0,0,0,22.948,23.091,23.091,23.151,23.096,23.178,23.178,23.02,23.146,22.817,22.018,22.272,23.009,23.375,23.479,23.599,23.735,23.778,23.974,24.11,24.229,24.342,24.645,24.618,24.564,24.337,24.294,24.245,24.12,24.185,24.229,24.115,24.196,24.234,24.202,24.202,24.234,24.039,24.077,24.055,23.99,23.963,23.849,24.104,23.8,23.8,23.708,0,0,0,0,0,0,0
0,0,0,0,0,0,0,0,0,0,0,0,0,0,22.97,22.992,23.085,22.877,22.976,23.195,23.102,23.173,23.342,23.156,22.001,21.924,23.299,23.457,23.599,23.844,23.931,23.909,24.169,24.342,24.451,24.607,24.828,24.758,24.564,24.413,24.467,24.402,24.218,24.148,24.191,24.158,24.202,24.305,24.234,24.169,24.11,24.299,24.137,24.104,23.941,23.99,24.077,24.077,23.8,23.876,23.795,0,0,0,0,0,0,0
0,0,0,0,0,0,0,0,0,0,0,0,0,22.762,23.036,23.052,22.91,23.058,23.091,23.222,23.189,23.173,23.222,23.173,22.959,22.167,22.492,23.876,24.12,24.467,24.569,24.461,24.505,24.791,24.758,24.758,24.947,24.941,24.618,24.564,24.434,24.478,24.386,24.413,24.364,24.434,24.202,24.202,24.267,24.31,24.283,24.299,24.218,24.218,23.985,24.034,23.985,24.023,23.92,23.936,23.789,23.664,0,0,0,0,0,0
0,0,0,0,0,0,0,0,0,0,0,0,0,22.674,23.042,23.074,23.02,23.085,23.217,23.293,23.299,23.364,23.348,23.277,23.26,23.282,22.734,24.158,24.434,24.791,24.569,24.596,24.801,24.871,24.925,24.952,25.113,25.033,24.65,24.521,24.515,24.494,24.364,24.364,24.483,24.434,24.359,24.158,24.359,24.353,24.218,24.256,24.169,24.164,24.191,24.137,24.061,24.023,23.941,23.958,23.844,23.844,0,0,0,0,0,0
0,0,0,0,0,0,0,0,0,0,0,0,0,23.074,23.052,23.189,23.206,23.156,23.239,23.222,23.271,23.271,23.413,23.364,23.506,23.631,22.734,23.882,24.72,24.677,24.758,24.92,25.043,25.06,25.011,25.119,25.194,25.135,24.904,24.72,24.704,24.758,24.499,24.472,24.483,24.456,24.37,24.359,24.342,24.37,24.461,24.375,24.456,24.164,24.164,24.158,24.185,24.023,24.028,24.099,24.137,23.909,0,0,0,0,0,0
0,0,0,0,0,0,0,0,0,0,0,0,0,22.778,23.052,23.058,23.189,23.206,23.288,23.233,23.364,23.31,23.26,23.528,23.914,23.648,23.626,24.64,24.64,25.135,24.957,25.135,25.199,25.129,25.076,25.349,25.333,25.242,25.14,24.909,24.78,24.893,24.618,24.64,24.737,24.478,24.418,24.44,24.429,24.37,24.391,24.478,24.364,24.326,24.37,24.321,24.191,24.24,24.24,24.066,24.088,24.082,0,0,0,0,0,0
0,0,0,0,0,0,0,0,0,0,0,0,0,22.531,23.003,23.085,23.107,23.189,23.288,23.282,23.277,23.402,23.484,23.664,23.996,23.74,23.091,24.034,25.258,25.403,25.392,25.226,25.253,25.387,25.21,25.574,25.574,25.488,25.253,25.065,25.113,24.93,24.812,24.78,24.683,24.478,24.618,24.602,24.613,24.559,24.548,24.505,24.515,24.359,24.364,24.424,24.397,24.175,24.196,24.099,24.326,23.958,23.941,0,0,0,0,0
0,0,0,0,0,0,0,0,0,0,0,0,0,23.031,23.003,23.118,23.233,23.277,23.315,23.288,23.331,23.249,23.381,23.719,24.007,24.104,22.751,22.591,24.898,25.505,25.478,25.617,25.526,25.515,25.537,25.633,25.665,25.638,25.092,24.753,24.764,24.984,24.979,24.85,24.85,24.699,24.688,24.758,24.694,24.64,24.726,24.65,24.785,24.418,24.564,24.559,24.575,24.38,24.213,24.267,24.288,24.223,24.088,0,0,0,0,0
0,0,0,0,0,0,0,0,0,0,0,0,20.76,23.042,23.167,23.26,23.397,23.37,23.315,23.419,23.462,23.762,23.561,23.74,24.137,24.342,23.43,21.129,23.342,25.472,25.777,25.814,25.74,25.676,25.611,25.686,25.798,25.82,25.349,23.941,23.936,24.898,24.979,25.054,24.898,24.828,24.893,24.882,24.941,24.769,24.812,24.812,24.828,24.758,24.71,24.667,24.656,24.413,24.499,24.397,24.451,24.278,24.218,0,0,0,0,0
0,0,0,0,0,0,0,0,0,0,0,20.53,22.828,23.359,23.446,23.49,23.533,23.539,23.484,23.561,23.702,23.887,24.045,24.386,24.64,24.947,22.123,21.246,24.434,25.793,25.793,25.921,25.942,25.91,25.766,25.793,25.809,25.82,25.467,23.893,21.962,24.742,25.054,25.135,25.145,24.861,24.99,24.984,25.07,24.979,24.974,25.043,24.936,24.92,24.747,24.78,24.677,24.586,24.472,24.472,24.515,24.37,24.31,0,0,0,0,0
0,0,0,0,0,0,0,0,0,0,20.496,23.003,23.473,23.424,23.484,23.566,23.566,23.561,23.767,23.963,24.039,24.234,24.137,24.688,24.85,25.221,24.532,22.018,22.564,25.595,25.974,26.075,26.155,25.926,25.932,25.985,25.926,25.857,25.804,24.909,22.079,23.419,24.645,25.221,25.365,25.253,25.156,25.119,25.135,25.043,25.178,25.081,25.086,25.108,25.129,24.828,24.904,24.855,24.564,24.694,24.461,24.299,24.38,0,0,0,0,0
0,0,0,0,0,0,0,0,0,23.31,23.37,23.424,23.359,23.462,23.517,23.517,23.571,23.746,23.729,23.903,24.272,24.607,24.731,25.081,25.387,25.542,25.242,24.11,21.624,25.595,26.129,26.272,26.267,26.044,25.926,26.123,26.155,25.942,25.804,24.153,20.788,22.613,24.532,25.167,25.408,25.355,25.301,25.183,25.274,25.124,25.274,25.414,25.371,25.086,25.14,24.92,24.904,24.753,24.618,24.823,24.553,24.542,24.175,0,0,0,0,0
0,0,0,0,0,0,0,0,22.288,23.381,23.501,23.479,23.528,23.539,23.566,23.495,23.588,23.729,23.811,24.061,24.451,24.914,25.306,25.306,25.563,25.542,25.622,25.333,22.855,23.958,26.001,26.431,26.272,26.06,26.171,26.177,26.293,26.134,25.974,25.478,23.195,19.69,22.685,24.796,25.606,25.585,25.488,25.456,25.569,25.408,25.419,25.483,25.371,25.231,25.119,25.119,24.85,24.855,24.877,24.85,24.645,24.607,24.559,0,0,0,0,0
0,0,0,0,0,0,0,0,22.784,23.528,23.522,23.593,23.539,23.495,23.441,23.522,23.68,23.773,23.686,23.767,24.185,24.914,25.595,25.622,25.846,25.9,25.761,24.963,22.123,25.215,26.463,26.463,26.458,26.267,26.283,26.161,26.235,26.219,26.113,26.038,25.263,19.973,20.215,22.685,24.785,25.756,25.772,25.756,25.569,25.558,25.547,25.419,25.296,25.258,25.221,25.119,25.076,24.914,24.861,24.887,24.844,24.65,24.629,0,0,0,0,0
0,0,0,0,0,0,0,0,23.501,23.501,23.506,23.522,23.599,23.659,23.593,23.648,23.637,23.773,23.811,23.958,24.164,24.941,25.75,25.83,26.017,25.974,26.15,25.841,24.521,24.072,26.532,26.362,26.368,26.262,26.219,26.193,26.177,26.171,26.171,26.07,25.948,22.998,21.023,20.95,24.785,25.804,25.884,25.974,25.713,25.74,25.66,25.499,25.344,25.403,25.167,25.28,25.14,25.027,25.097,24.99,24.882,24.656,24.656,0,0,0,0,0
0,0,0,0,0,0,0,22.833,23.746,23.512,23.544,23.631,23.522,23.588,23.642,23.68,23.68,23.871,23.827,24.007,24.25,24.774,25.585,25.974,26.113,26.177,26.208,26.293,26.166,24.326,26.304,26.347,26.368,26.389,26.24,26.198,26.193,26.246,26.091,26.208,25.188,24.169,22.921,22.646,25.654,26.416,26.416,26.341,25.836,25.766,25.745,25.814,25.553,25.483,25.371,25.344,25.263,25.253,25.108,25.049,25,24.828,24.812,0,0,0,0,0
0,0,0,0,0,0,0,22.602,23.577,23.512,23.713,23.637,23.735,23.708,23.719,23.767,23.735,23.903,24.045,24.348,24.93,25.729,26.177,26.357,26.357,26.368,26.304,26.293,26.537,26.123,26.293,26.288,26.177,26.214,26.145,26.075,26.193,26.262,26.129,26.187,25.99,25.82,25.563,24.984,25.07,26.649,26.553,26.41,26.081,25.926,25.809,25.777,25.595,25.595,25.435,25.435,25.424,25.221,25.237,25.215,25.06,24.936,24.99,24.402,0,0,0,0
0,0,0,0,0,0,0,22.167,23.484,23.566,23.61,23.68,23.816,23.767,23.767,23.931,23.947,23.898,24.072,24.494,24.812,25.873,26.389,26.5,26.426,26.442,26.325,26.41,26.293,26.267,26.235,26.044,26.177,26.102,26.028,26.081,26.161,26.113,26.267,26.102,26.155,26.07,26.15,26.107,25.836,26.59,26.876,26.86,26.325,26.177,26.06,25.82,25.638,25.654,25.515,25.606,25.424,25.36,25.29,25.21,25.156,25.156,24.957,24.715,0,0,0,0
0,0,0,0,0,0,0,23.566,23.833,23.822,23.822,23.849,23.844,23.691,23.762,23.854,23.985,23.969,24.234,24.629,25.081,26.129,26.431,26.612,26.442,26.357,26.41,26.198,26.293,26.129,26.065,26.054,26.017,26.054,26.054,26.081,25.99,26.091,26.028,26.028,26.065,26.028,26.219,25.958,26.458,26.437,26.553,26.612,26.601,26.458,26.357,26.145,25.974,25.772,25.772,25.606,25.558,25.462,25.499,25.365,25.306,25.049,25.022,24.505,0,0,0,0
0,0,0,0,0,0,0,23.206,23.865,23.74,23.86,23.893,23.806,23.893,23.985,23.974,24.256,23.99,24.305,24.737,25.462,26.373,26.633,26.649,26.442,26.256,26.251,26.325,26.246,26.145,26.038,26.022,25.964,26.022,26.091,26.017,26.006,26.001,26.113,26.049,26.134,26.017,26.049,26.075,26.208,26.198,26.267,26.267,26.59,26.368,26.32,26.224,26.075,25.969,25.814,25.729,25.75,25.66,25.654,25.28,25.199,25.397,25.204,24.871,0,0,0,0
0,0,0,0,0,0,0,22.707,23.811,23.914,23.936,23.925,24.007,24.001,24.061,24.191,24.342,24.521,24.947,25.558,26.431,26.807,26.522,26.405,26.352,26.352,26.23,26.07,26.049,26.038,25.916,25.985,26.006,25.996,26.017,26.006,26.118,26.022,26.102,26.091,25.916,26.022,26.107,26.028,26.075,26.145,26.07,26.065,26.118,26.012,26.097,26.155,26.118,25.734,25.734,25.745,25.756,25.766,25.676,25.59,25.542,25.446,25.371,25.054,24.731,0,0,0
0,0,0,0,0,0,20.586,22.767,23.501,23.931,23.963,24.082,24.24,24.229,24.272,24.515,24.342,24.796,25.355,25.563,26.129,26.612,26.431,26.426,26.384,26.293,26.097,26.081,26.075,26.022,25.958,25.98,25.98,25.98,26.028,26.054,26.07,26.091,26.022,26.001,26.065,26.044,25.974,25.932,25.985,25.974,25.905,26.065,26.102,25.894,25.91,25.809,25.836,25.804,25.729,25.766,25.745,25.628,25.745,25.628,25.521,25.376,25.376,25.151,25.017,0,0,0
0,0,0,0,0,22.855,23.348,23.468,23.462,23.806,23.887,23.887,24.24,24.51,24.785,25.135,24.791,25.204,25.884,26.07,24.855,25.921,26.442,26.378,26.315,26.262,26.182,26.15,25.9,26.07,26.054,26.07,25.98,26.001,26.001,26.081,25.99,26.113,25.98,26.022,26.001,26.017,25.99,25.932,25.836,25.9,26.028,25.873,25.953,25.852,25.809,25.724,25.665,25.734,25.585,25.67,25.622,25.66,25.66,25.734,25.617,25.51,25.43,25.237,24.564,0,0,0
0,0,0,0,23.167,23.408,23.424,23.331,23.462,23.506,23.462,23.795,24.553,25.07,25.569,25.836,25.878,26.288,26.267,26.267,24.909,25.958,26.118,26.187,26.161,26.193,26.155,26.113,26.049,26.022,26.022,25.873,25.996,25.974,26.022,25.969,26.107,25.964,25.916,26.022,26.049,26.017,25.889,25.921,25.884,25.98,25.958,25.905,25.905,25.974,25.873,25.788,25.734,25.649,25.729,25.66,25.59,25.574,25.595,25.51,25.542,25.456,25.403,25.349,24.936,0,0,0
0,0,0,0,23.167,23.522,23.452,23.424,23.457,23.501,23.539,23.517,24.028,24.677,25.467,25.98,26.123,26.373,26.299,26.198,26.187,26.086,25.948,26.022,26.113,26.006,26.006,26.06,26.086,26.038,26.134,26.049,26.123,26.054,26.049,25.969,26.044,25.969,26.033,26.049,26.06,26.198,25.932,26.012,25.98,25.852,25.98,25.985,25.857,25.766,25.857,25.793,25.611,25.761,25.676,25.66,25.585,25.611,25.505,25.521,25.435,25.355,25.403,25.499,25.038,0,0,0
0,0,0,23.331,23.2,23.539,23.506,23.473,23.495,23.528,23.473,23.55,23.68,24.05,24.559,25.788,26.193,26.315,26.256,25.98,26.065,26.012,26.028,26.006,26.177,26.07,25.958,26.081,26.06,26.091,26.054,26.017,26.118,26.171,26.171,26.07,26.001,26.102,26.129,26.012,26.001,26.097,25.969,26.06,25.878,25.958,25.974,25.996,25.894,25.9,25.878,25.766,25.718,25.697,25.617,25.595,25.569,25.542,25.542,25.478,25.51,25.349,25.462,25.462,25.07,0,0,0
0,0,0,23.375,23.55,23.457,23.468,23.512,23.582,23.49,23.561,23.626,23.648,23.996,24.218,25.194,26.267,26.368,25.98,25.969,25.953,25.996,25.98,25.868,26.038,26.028,26.097,26.081,26.081,26.113,26.155,26.097,26.091,26.081,26.118,26.07,26.123,26.049,25.98,26.129,26.081,26.081,26.044,26.044,25.921,26.006,26.022,25.953,25.926,25.921,25.9,25.756,25.745,25.809,25.617,25.521,25.59,25.51,25.499,25.494,25.494,25.537,25.483,25.162,24.957,0,0,0
0,0,22.822,23.528,23.512,23.555,23.457,23.702,23.588,23.599,23.512,23.746,23.833,24.088,24.887,26.309,26.315,26.028,25.91,25.868,25.894,25.825,25.942,25.868,26.054,26.07,26.075,26.017,26.033,26.15,26.091,26.134,26.129,26.251,26.123,26.038,26.208,26.054,26.113,26.219,26.224,26.091,26.102,26.134,26.06,26.139,26.065,25.884,26.038,26.038,25.9,25.878,25.772,25.841,25.638,25.66,25.606,25.606,25.521,25.531,25.472,25.494,25.563,25.381,25.129,0,0,0
0,0,23.233,23.697,23.571,23.648,23.561,23.599,23.582,23.588,23.55,23.822,23.789,24.126,24.844,26.038,26.267,25.985,25.83,25.868,25.809,26.001,25.932,26.107,25.9,25.98,26.081,26.044,26.065,26.139,26.177,26.107,26.182,26.171,26.251,26.155,26.177,26.182,26.224,26.113,26.107,26.198,26.15,26.091,26.166,26.203,26.065,26.15,26.006,26.086,25.964,25.889,25.836,25.857,25.606,25.644,25.644,25.606,25.59,25.628,25.606,25.553,25.478,25.531,25.499,25.07,0,0
0,23.244,23.571,23.762,23.582,23.582,23.571,23.691,23.664,23.571,23.865,23.909,23.822,24.169,24.731,26.038,26.091,25.974,25.836,25.846,25.905,25.894,25.921,25.964,25.974,26.155,26.091,26.054,26.044,26.134,26.091,26.182,26.373,26.208,26.198,26.219,26.182,26.368,26.177,26.161,26.182,26.139,26.15,26.145,26.182,26.177,26.102,26.139,26.155,26.129,25.99,26.022,25.996,25.766,25.708,25.756,25.745,25.585,25.595,25.713,25.601,25.649,25.579,25.333,25.333,25.178,0,0
0,23.074,23.713,23.702,23.724,23.659,23.697,23.806,23.784,23.8,23.963,23.893,24.175,24.175,24.952,26.161,26.107,25.916,25.852,25.836,25.809,25.868,25.878,26.006,25.926,26.075,26.107,26.038,26.198,26.107,26.24,26.198,26.309,26.288,26.293,26.198,26.224,26.177,26.219,26.123,26.187,26.299,26.171,26.224,26.177,26.283,26.288,26.193,26.155,26.145,25.926,26.006,26.001,25.846,25.798,25.766,25.697,25.681,25.601,25.644,25.697,25.611,25.51,25.51,25.462,25.076,0,0
0,22.668,23.767,23.8,23.811,23.784,23.974,23.806,23.86,23.925,24.055,24.061,24.234,25.102,26.325,26.065,26.06,25.964,25.862,25.798,25.836,25.836,25.894,25.878,26.054,26.022,26.193,26.065,26.251,26.224,26.267,26.278,26.267,26.315,26.293,26.193,26.134,26.203,26.155,26.198,26.373,26.325,26.097,26.256,26.256,26.336,26.256,26.246,26.155,26.208,26.06,26.107,25.996,26.054,25.905,25.868,25.836,25.809,25.708,25.697,25.628,25.654,25.628,25.633,25.403,25.076,0,0
0,22.001,23.577,23.8,23.751,23.882,23.92,23.941,23.941,23.903,24.164,24.039,24.332,25.167,26.203,26.022,25.894,25.804,25.798,25.873,25.868,25.889,25.98,25.974,26.081,26.171,26.283,26.267,26.267,26.198,26.267,26.256,26.394,26.49,26.484,26.299,26.325,26.288,26.293,26.214,26.32,26.23,26.24,26.23,26.32,26.437,26.325,26.368,26.224,26.336,26.357,26.129,26.086,26.049,25.969,25.926,25.793,25.862,25.75,25.708,25.74,25.654,25.692,25.638,25.505,25.242,0,0
0,23.599,23.963,23.925,23.914,24.137,24.137,24.023,24.012,24.055,24.202,24.185,24.704,25.29,26.145,26.028,25.958,25.809,25.793,25.974,25.83,26.017,26.028,26.081,26.044,26.049,26.283,26.23,26.315,26.107,26.336,26.362,26.431,26.463,26.24,26.293,26.293,26.341,26.347,26.293,26.336,26.283,26.251,26.293,26.24,26.368,26.484,26.352,26.325,26.368,26.177,26.15,26.171,26.065,26.001,25.953,25.889,25.862,25.729,25.745,25.74,25.82,25.66,25.574,25.542,25.365,0,0
0,23.282,24.082,23.99,24.099,24.153,24.18,24.234,24.234,24.472,24.904,24.898,25.419,25.857,25.857,25.91,25.809,25.814,25.804,25.793,25.916,25.969,26.028,26.075,26.139,26.23,26.145,26.203,26.331,26.325,26.299,26.511,26.453,26.633,26.442,26.474,26.4,26.442,26.304,26.352,26.368,26.304,26.304,26.304,26.373,26.479,26.331,26.469,26.511,26.458,26.352,26.214,26.214,26.065,26.113,25.969,25.846,25.878,25.724,25.83,25.777,25.66,25.761,25.644,25.537,25.092,24.494,0
0,21.624,23.778,24.082,24.207,24.25,24.553,24.402,24.386,24.882,25.478,25.537,25.724,25.702,25.713,25.59,25.83,25.873,25.884,25.985,25.91,26.006,26.054,26.075,26.113,26.187,26.203,26.304,26.283,26.484,26.421,26.516,26.617,26.553,26.527,26.49,26.548,26.5,26.4,26.341,26.543,26.416,26.569,26.643,26.537,26.537,26.416,26.469,26.453,26.394,26.421,26.421,26.389,26.177,26.097,26.134,25.9,25.862,25.91,25.793,25.734,25.862,25.644,25.649,25.606,25.349,24.726,0
0,0,23.468,24.288,24.202,24.467,24.564,24.602,24.812,25.242,25.756,25.718,25.873,25.537,25.617,25.611,25.75,25.878,25.862,25.926,25.958,25.98,25.99,26.166,26.155,26.107,26.262,26.331,26.331,26.331,26.463,26.442,26.495,26.686,26.665,26.691,26.717,26.686,26.511,26.49,26.58,26.564,26.585,26.654,26.617,26.537,26.527,26.654,26.601,26.516,26.405,26.246,26.256,26.123,26.145,26.006,26.049,26.017,25.857,25.857,25.809,25.889,25.814,25.926,25.708,25.66,25.006,0
0,0,24.283,24.559,24.613,24.85,25.119,25.274,25.274,25.542,25.611,25.654,25.617,25.542,25.617,25.756,25.75,25.75,25.868,25.916,25.98,26.075,26.155,26.113,26.214,26.267,26.262,26.447,26.373,26.596,26.516,26.612,26.585,26.702,26.765,26.649,26.733,26.733,26.601,26.717,26.649,26.564,26.665,26.548,26.755,26.717,26.755,26.802,26.569,26.569,26.484,26.511,26.347,26.315,26.166,26.091,26.006,25.964,25.868,25.857,25.82,25.798,25.825,25.921,25.745,25.312,25.312,0
0,0,23.958,24.65,24.936,25.167,25.242,25.472,25.355,25.36,25.483,25.456,25.44,25.676,25.756,25.756,25.74,25.809,25.916,25.905,25.809,26.129,26.086,26.177,26.325,26.278,26.384,26.469,26.384,26.543,26.585,26.612,26.638,26.818,26.802,26.855,26.823,26.728,26.755,26.712,26.844,26.765,26.68,26.755,26.755,26.823,26.792,26.829,26.797,26.628,26.617,26.553,26.469,26.331,26.299,26.171,26.075,26.044,25.958,25.926,25.83,25.841,25.777,25.74,25.745,25.558,25.081,0
0,0,22.8,24.758,25.054,25.29,25.242,25.355,25.253,25.44,25.36,25.456,25.494,25.537,25.499,25.75,25.745,25.82,25.889,26.017,26.113,26.097,26.134,26.134,26.198,26.283,26.405,26.426,26.49,26.665,26.702,26.617,26.739,26.818,26.76,26.86,26.955,26.802,26.85,26.966,27.019,26.866,26.776,27.061,27.008,27.034,26.855,27.077,26.866,26.643,26.532,26.606,26.606,26.384,26.325,26.304,26.166,26.001,26.001,25.953,25.83,25.83,25.894,25.809,25.74,25.585,25.215,0
0,0,22.8,24.791,25.038,25.231,25.333,25.381,25.317,25.199,25.387,25.285,25.483,25.371,25.515,25.633,25.793,25.804,25.91,25.926,26.033,26.15,26.182,26.309,26.389,26.4,26.394,26.41,26.606,26.58,26.58,26.67,26.786,26.945,26.918,26.786,27.087,26.913,27.024,26.971,26.992,27.034,27.045,27.061,27.145,27.019,26.939,26.902,26.934,26.802,26.776,26.739,26.596,26.416,26.336,26.208,26.118,25.974,26.139,26.171,25.953,25.953,25.884,25.889,25.964,25.761,25.435,0
0,0,24.834,25.119,25.29,25.178,25.258,25.221,25.296,25.296,25.322,25.462,25.446,25.29,25.558,25.569,25.729,25.814,25.846,25.98,26.054,26.155,26.113,26.368,26.357,26.4,26.537,26.511,26.585,26.67,26.717,26.913,26.881,27.008,27.077,27.071,27.256,27.156,27.156,27.171,27.214,27.156,27.135,27.177,27.103,27.071,27.019,27.034,27.308,26.918,26.755,26.691,26.596,26.553,26.479,26.315,26.171,26.208,26.102,26.038,25.974,25.964,26.022,25.958,25.841,25.547,25.274,0
0,0,24.407,25.065,25.022,25.221,25.221,25.263,25.226,25.269,25.328,25.408,25.387,25.392,25.638,25.788,25.788,25.67,25.82,26.001,26.049,26.155,26.161,26.352,26.458,26.453,26.553,26.479,26.564,26.628,26.887,26.892,26.976,26.939,26.987,27.156,27.277,27.224,27.135,27.266,27.261,27.229,27.224,27.282,27.272,27.156,27.224,27.335,27.308,27.024,26.866,26.987,26.601,26.606,26.447,26.453,26.187,26.054,26.129,26.081,25.98,25.964,26.033,25.964,25.974,25.841,25.419,0
0,0,23.844,25.102,25.113,25.172,25.135,25.188,25.237,25.221,25.285,25.274,25.397,25.44,25.595,25.59,25.793,25.788,25.926,26.054,26.134,26.278,26.368,26.442,26.442,26.469,26.543,26.527,26.659,26.839,26.749,26.971,26.945,26.887,27.129,27.24,27.319,27.293,27.272,27.266,27.498,27.298,27.35,27.408,27.272,27.203,27.356,27.198,27.224,26.945,27.019,26.924,26.76,26.76,26.596,26.394,26.315,26.283,26.219,26.331,26.091,26.102,26.091,26.107,25.996,25.841,25.574,0
0,0,23.211,25.097,25.172,25.349,25.263,25.231,25.215,25.344,25.215,25.306,25.414,25.44,25.628,25.729,25.718,25.777,25.82,25.98,26.129,26.198,26.251,26.421,26.442,26.543,26.601,26.649,26.881,26.786,26.855,26.855,26.987,27.077,27.156,27.24,27.435,27.45,27.519,27.634,27.498,27.44,27.498,27.471,27.461,27.461,27.419,27.387,27.198,27.156,27.077,26.892,26.749,26.633,26.527,26.278,26.177,26.331,26.214,26.193,26.267,26.267,26.166,26.23,26.017,25.905,25.686,0
0,0,24.85,25.204,25.183,25.371,25.237,25.306,25.204,25.226,25.226,25.44,25.36,25.355,25.606,25.622,25.681,25.814,25.937,26.107,26.097,26.102,26.193,26.347,26.5,26.527,26.601,26.844,26.924,26.844,27.061,27.024,27.161,27.272,27.35,27.424,27.524,27.597,27.603,27.603,27.618,27.613,27.592,27.65,27.582,27.54,27.534,27.524,27.187,27.256,27.256,26.976,26.813,26.781,26.638,26.606,26.347,26.309,26.347,26.341,26.177,26.193,26.224,26.139,26.081,25.846,25.306,0
0,0,24.898,25.065,25.194,25.371,25.253,25.306,25.247,25.317,25.333,25.312,25.435,25.563,25.617,25.788,25.777,25.814,25.894,25.99,26.123,26.315,26.219,26.357,26.458,26.569,26.622,26.855,26.892,27.04,27.019,27.193,27.161,27.245,27.498,27.676,27.503,27.744,27.655,27.786,27.713,27.749,27.817,27.87,27.576,27.508,27.634,27.634,27.408,27.34,27.293,27.008,26.908,26.749,26.76,26.617,26.569,26.431,26.522,26.394,26.283,26.278,26.357,26.139,26.24,26.07,25.617,0
0,0,24.785,25.301,25.199,25.296,25.231,25.296,25.387,25.344,25.403,25.312,25.333,25.644,25.558,25.718,25.825,25.926,26.065,26.23,26.272,26.341,26.299,26.362,26.654,26.622,26.559,26.871,26.955,27.008,27.198,27.282,27.272,27.34,27.566,27.597,27.634,27.723,27.781,27.797,27.676,27.807,27.886,27.901,27.786,27.797,27.681,27.534,27.571,27.456,27.245,27.177,26.955,26.961,26.961,26.818,26.532,26.522,26.564,26.394,26.442,26.442,26.442,26.278,26.357,26.134,0,0
0,0,25.167,25.167,25.392,25.36,25.349,25.36,25.376,25.312,25.381,25.424,25.526,25.644,25.558,25.75,25.9,25.905,25.974,26.145,26.06,26.262,26.309,26.543,26.548,26.59,26.85,26.961,27.008,27.124,27.303,27.298,27.272,27.555,27.524,27.571,27.676,27.686,27.838,27.954,27.854,27.859,28.006,28.063,27.917,27.901,27.765,27.692,27.519,27.461,27.403,27.345,27.171,26.966,27.003,26.707,26.675,26.844,26.77,26.712,26.469,26.575,26.575,26.564,26.479,26.431,0,0
0,0,25.274,25.29,25.349,25.317,25.456,25.451,25.322,25.371,25.36,25.36,25.446,25.617,25.649,25.809,25.868,25.798,26.006,25.948,26.123,26.278,26.389,26.389,26.548,26.76,26.887,26.998,27.187,27.166,27.324,27.287,27.461,27.634,27.634,27.88,27.781,27.87,27.927,28.021,27.922,28.001,28.032,28.021,28.063,27.859,27.859,27.786,27.671,27.487,27.587,27.345,27.303,27.198,27.135,26.871,27.024,26.987,26.945,26.67,26.85,26.728,26.686,26.495,26.5,26.012,0,0
0,0,25.199,25.408,25.376,25.333,25.408,25.456,25.403,25.419,25.456,25.472,25.633,25.654,25.793,25.841,25.852,25.996,25.996,26.006,26.123,26.262,26.4,26.437,26.633,26.807,26.902,27.05,27.135,27.171,27.329,27.303,27.477,27.519,27.755,27.749,27.922,27.927,28.095,28.037,28.006,28.147,28.178,28.006,28.058,27.933,27.927,27.686,27.686,27.744,27.471,27.256,27.356,27.182,27.277,27.14,27.077,27.15,27.013,26.939,26.844,26.918,26.744,26.665,26.606,26.038,0,0
0,0,25.199,25.403,25.403,25.451,25.414,25.494,25.392,25.43,25.467,25.488,25.558,25.681,25.692,25.74,25.852,26.075,26.038,26.001,26.267,26.405,26.32,26.585,26.755,26.902,26.902,27.077,27.045,27.161,27.387,27.508,27.456,27.503,27.707,27.886,27.954,27.969,28.1,28.22,28.168,28.22,28.116,28.006,28.089,28.069,27.99,27.77,27.739,27.597,27.545,27.356,27.408,27.382,27.229,27.15,27.156,27.045,27.071,26.908,27.029,27.029,27.029,26.723,26.733,26.447,0,0
0,0,25.397,25.563,25.563,25.451,25.494,25.451,25.526,25.424,25.563,25.628,25.558,25.585,25.681,25.766,25.889,25.921,25.889,26.038,26.23,26.357,26.474,26.5,26.622,26.781,26.987,27.177,27.272,27.429,27.398,27.629,27.545,27.545,27.77,27.969,27.969,27.985,28.173,28.22,28.236,28.209,28.408,28.142,28.095,28.209,28.079,27.985,28.011,27.823,27.707,27.503,27.492,27.356,27.403,27.182,27.308,27.272,27.293,27.071,27.045,27.024,27.066,26.802,26.717,26.5,0,0
0,0,25.419,25.569,25.51,25.494,25.43,25.622,25.574,25.547,25.718,25.644,25.606,25.66,25.793,25.905,25.958,26.022,25.958,26.065,26.022,26.293,26.453,26.458,26.628,26.844,26.829,27.092,27.298,27.335,27.392,27.44,27.55,27.697,27.802,28.011,28.032,28.256,28.277,28.23,28.319,28.319,28.392,28.241,28.267,28.204,28.116,27.985,27.948,27.943,27.938,27.561,27.461,27.482,27.487,27.335,27.282,27.403,27.335,27.266,27.266,27.266,27.066,27.061,26.691,26.001,0,0
0,0,25.339,25.542,25.51,25.521,25.515,25.628,25.649,25.644,25.595,25.649,25.681,25.729,25.761,25.75,25.937,26.033,26.118,26.118,26.161,26.304,26.405,26.41,26.691,26.659,26.945,27.013,27.219,27.287,27.429,27.44,27.645,27.859,27.943,28.011,28.069,28.319,28.376,28.324,28.413,28.553,28.309,28.35,28.303,28.189,28.209,28.095,28.116,28.116,27.943,27.802,27.776,27.692,27.571,27.435,27.555,27.545,27.335,27.345,27.345,27.414,27.272,27.198,26.945,0,0,0
0,0,25.113,25.526,25.467,25.638,25.633,25.606,25.654,25.595,25.622,25.836,25.814,25.809,25.873,25.905,25.974,25.948,26.107,26.118,26.293,26.32,26.506,26.58,26.839,26.966,27.098,27.013,27.256,27.335,27.361,27.524,27.765,27.65,27.917,28.084,28.142,28.402,28.408,28.423,28.673,28.564,28.553,28.48,28.46,28.397,28.35,28.215,28.063,28.084,28.016,27.781,27.686,27.734,27.624,27.618,27.618,27.676,27.666,27.566,27.477,27.45,27.429,27.25,26.892,0,0,0
0,0,25.414,25.654,25.51,25.51,25.595,25.702,25.622,25.708,25.75,25.761,25.782,25.841,25.82,25.846,25.969,26.022,26.07,26.246,26.32,26.315,26.431,26.58,26.844,26.924,27.103,27.182,27.445,27.408,27.445,27.692,27.865,28.084,28.084,28.069,28.189,28.293,28.48,28.574,28.704,28.72,28.683,28.527,28.574,28.527,28.548,28.408,28.361,28.215,28.016,27.891,28.037,27.797,27.734,27.723,27.65,27.844,27.702,27.645,27.524,27.477,27.25,27.182,27.182,0,0,0
0,0,25.306,25.563,25.563,25.628,25.729,25.766,25.729,25.681,25.788,25.921,25.9,25.9,25.894,26.081,26.065,26.134,26.267,26.246,26.341,26.405,26.426,26.633,26.876,26.939,27.056,27.161,27.371,27.445,27.576,27.749,27.917,28.079,28.147,28.251,28.48,28.642,28.725,28.818,28.678,28.714,28.714,28.621,28.61,28.652,28.548,28.454,28.376,28.293,28.121,28.063,27.964,27.906,27.865,27.875,27.77,27.807,27.655,27.634,27.634,27.492,27.403,27.14,26.506,0,0,0
0,0,25.167,25.617,25.745,25.628,25.713,25.75,25.788,25.905,25.9,25.9,25.889,26.049,26.097,26.065,26.006,26.171,26.171,26.288,26.288,26.352,26.469,26.527,26.876,26.945,26.971,27.303,27.403,27.45,27.555,27.692,27.88,28.1,28.168,28.282,28.538,28.818,28.74,28.917,28.787,28.834,28.953,28.709,28.756,28.657,28.6,28.527,28.444,28.402,28.376,28.204,28.116,28.131,27.964,27.906,27.954,27.906,27.645,27.681,27.734,27.582,27.435,27.272,0,0,0,0
0,0,24.683,25.419,25.59,25.825,25.67,25.814,25.884,25.926,25.958,25.9,26.065,26.038,26.203,26.07,26.118,26.288,26.182,26.426,26.431,26.522,26.728,26.86,26.998,27.166,27.119,27.429,27.429,27.424,27.582,27.807,27.995,28.021,28.168,28.392,28.579,28.74,28.906,28.901,28.906,28.974,28.953,28.803,28.963,28.803,28.605,28.704,28.512,28.538,28.35,28.335,28.152,28.089,28.058,27.98,28.021,28.021,27.865,27.833,27.812,27.791,27.66,27.466,0,0,0,0
0,0,25.296,25.595,25.67,25.836,25.836,25.814,25.868,25.83,25.964,25.98,25.921,25.91,26.198,26.123,26.134,26.065,26.23,26.256,26.426,26.463,26.543,26.876,26.976,27.161,27.208,27.308,27.503,27.755,27.723,27.995,28.183,28.189,28.486,28.569,28.569,28.771,28.906,28.932,28.979,29.02,28.932,28.984,28.974,29.01,28.782,28.834,28.688,28.574,28.47,28.428,28.251,28.173,28.105,28.042,28.084,28.048,27.87,27.906,27.776,27.697,27.534,26.85,0,0,0,0
0,0,25.339,25.595,25.745,25.745,25.702,25.964,25.788,25.932,25.985,25.996,26.134,26.06,26.06,26.134,26.187,26.224,26.283,26.288,26.453,26.659,26.728,26.839,26.987,27.061,27.224,27.398,27.487,27.597,27.901,28.163,28.199,28.444,28.486,28.86,28.87,28.958,28.922,29.072,29.186,29.108,29.062,29.062,29.088,29.108,28.979,28.937,28.792,28.72,28.626,28.392,28.465,28.355,28.199,28.157,28.157,28.048,27.959,27.985,27.954,27.697,27.592,27.003,0,0,0,0
0,0,24.861,25.745,25.686,25.809,25.788,25.846,25.857,25.974,25.942,26.091,26.161,26.033,26.139,26.182,26.299,26.32,26.506,26.553,26.569,26.569,26.67,26.792,26.939,27.193,27.324,27.477,27.54,27.739,27.901,28.131,28.335,28.496,28.439,28.829,28.901,28.948,29.057,29.176,29.212,29.377,29.217,29.139,29.186,29.134,28.948,28.875,28.735,28.725,28.642,28.642,28.543,28.444,28.454,28.355,28.241,28.048,28.1,28.053,27.985,27.776,27.534,0,0,0,0,0
0,0,23.931,25.606,25.836,25.798,25.75,25.91,25.852,25.868,25.862,26.065,26.065,26.081,26.129,26.07,26.166,26.431,26.368,26.559,26.638,26.797,26.876,27.24,27.208,27.314,27.471,27.597,27.744,27.744,27.917,28.11,28.309,28.47,28.548,28.771,28.855,29.046,29.129,29.212,29.294,29.387,29.279,29.238,29.191,29.181,29.145,28.932,28.896,28.839,28.673,28.46,28.621,28.532,28.309,28.298,28.382,28.1,28.1,28.173,28.163,27.849,27.671,0,0,0,0,0
0,0,25.21,25.846,25.766,25.788,25.798,25.884,25.884,25.846,26.012,26.012,26.044,26.203,26.129,26.256,26.32,26.463,26.511,26.702,26.617,26.929,26.876,27.045,27.208,27.224,27.529,27.681,27.739,28.053,28.293,28.428,28.574,28.647,28.994,28.891,29.072,29.072,29.155,29.201,29.377,29.465,29.393,29.46,29.408,29.362,29.093,29.155,29.026,28.839,28.678,28.74,28.662,28.475,28.423,28.434,28.387,28.157,28.168,28.183,27.901,27.734,27.324,0,0,0,0,0
0,0,25.011,25.66,25.724,25.852,25.788,25.841,25.873,25.91,26.118,26.033,26.198,26.15,26.293,26.288,26.357,26.484,26.511,26.649,26.675,26.776,27.04,27.156,27.298,27.445,27.624,27.76,27.959,28.209,28.189,28.319,28.574,28.709,28.937,28.932,29.17,29.274,29.367,29.393,29.594,29.475,29.331,29.516,29.516,29.362,29.227,29.201,29.088,28.912,28.694,28.704,28.631,28.579,28.558,28.558,28.392,28.35,28.058,28.23,28.173,27.776,27.408,0,0,0,0,0
0,0,24.148,25.846,25.857,25.894,25.857,25.942,25.953,26.107,26.017,26.054,26.161,26.235,26.293,26.458,26.532,26.601,26.702,26.733,26.945,26.955,27.114,27.14,27.282,27.545,27.603,27.692,27.99,28.215,28.392,28.491,28.631,28.88,28.963,29.062,29.279,29.429,29.424,29.522,29.46,29.475,29.532,29.372,29.444,29.269,29.16,29.093,29.057,28.932,28.771,28.73,28.73,28.678,28.579,28.657,28.439,28.408,28.22,28.355,28.126,27.88,27.645,0,0,0,0,0
0,0,23.167,25.649,25.798,25.926,25.948,25.868,25.926,25.942,26.017,26.15,26.23,26.187,26.405,26.389,26.585,26.612,26.596,26.728,26.961,27.193,27.24,27.298,27.524,27.555,27.713,27.906,28.282,28.34,28.34,28.366,28.522,28.87,28.974,29.3,29.403,29.429,29.48,29.542,29.558,29.542,29.552,29.599,29.558,29.429,29.232,29.17,29.103,28.989,29.01,28.886,28.673,28.647,28.579,28.6,28.475,28.355,28.34,28.34,28.236,27.969,0,0,0,0,0,0
0,0,25.424,25.905,25.91,26.022,25.91,26.129,26.129,26.123,26.065,26.07,26.278,26.357,26.352,26.4,26.447,26.601,26.728,26.807,26.908,27.077,27.156,27.303,27.466,27.723,27.755,27.896,28.225,28.428,28.626,28.647,28.927,29.145,29.16,29.439,29.455,29.558,29.558,29.506,29.728,29.614,29.635,29.63,29.63,29.506,29.253,29.181,29.176,28.865,28.88,28.963,28.787,28.621,28.657,28.506,28.548,28.397,28.465,28.366,28.048,27.917,0,0,0,0,0,0
0,0,25.424,25.804,26.006,25.985,26.038,26.139,26.097,26.15,26.187,26.251,26.32,26.495,26.421,26.559,26.559,26.675,26.723,26.76,26.945,27.14,27.235,27.356,27.587,27.723,27.912,27.896,28.178,28.428,28.569,28.74,28.87,29.139,29.139,29.346,29.491,29.547,29.681,29.712,29.758,29.728,29.702,29.599,29.501,29.537,29.367,29.269,29.181,29.114,29.077,29.015,28.917,28.792,28.678,28.662,28.564,28.522,28.382,28.35,28.157,27.969,0,0,0,0,0,0
0,0,25.204,25.916,26.081,26.107,26.102,26.107,25.99,26.235,26.086,26.224,26.341,26.484,26.474,26.511,26.617,26.712,26.797,26.934,27.198,27.398,27.356,27.356,27.435,27.723,27.76,28.006,28.163,28.376,28.558,28.735,28.943,29.114,29.263,29.403,29.491,29.552,29.774,29.702,29.728,29.712,29.619,29.728,29.599,29.48,29.403,29.253,29.253,29.103,28.979,28.963,29.041,28.963,28.849,28.746,28.564,28.47,28.413,28.371,28.189,27.906,0,0,0,0,0,0
0,0,24.272,25.953,25.932,26.012,25.974,26.107,26.166,26.161,26.193,26.187,26.352,26.394,26.564,26.622,26.665,26.77,26.823,26.982,27.282,27.398,27.403,27.461,27.765,27.781,28.011,28.236,28.423,28.74,28.787,28.787,28.886,29.057,29.238,29.413,29.532,29.614,29.712,29.764,29.794,29.851,29.697,29.619,29.522,29.542,29.475,29.331,29.201,29.108,29.181,29.108,29.041,28.766,28.74,28.626,28.626,28.564,28.444,28.251,28.22,0,0,0,0,0,0,0
0,0,25.729,26.044,26.102,26.123,26.182,26.171,26.193,26.193,26.171,26.352,26.378,26.426,26.516,26.628,26.649,26.77,26.966,26.934,27.182,27.198,27.461,27.466,27.797,27.797,28.053,28.241,28.418,28.678,28.662,28.896,29.031,29.274,29.372,29.568,29.614,29.666,29.784,29.784,29.866,29.753,29.686,29.722,29.542,29.511,29.537,29.346,29.201,29.16,29.191,29,28.948,28.849,28.751,28.714,28.694,28.766,28.475,28.329,27.954,0,0,0,0,0,0,0
0,0,25.301,26.113,26.224,26.224,26.214,26.272,26.389,26.23,26.405,26.453,26.484,26.463,26.691,26.654,26.77,26.755,26.855,26.955,27.219,27.419,27.466,27.555,27.755,27.922,28.021,28.267,28.382,28.626,28.668,28.969,29.181,29.129,29.413,29.527,29.614,29.686,29.81,29.81,29.764,29.892,29.8,29.707,29.594,29.506,29.506,29.465,29.31,29.196,29.212,29.191,29,28.937,28.922,28.787,28.631,28.652,28.548,28.288,27.995,0,0,0,0,0,0,0
0,0,0,26.208,26.304,26.288,26.155,26.357,26.315,26.23,26.283,26.4,26.453,26.575,26.596,26.59,26.855,26.839,26.887,27.135,27.361,27.534,27.603,27.744,27.859,27.943,28.095,28.23,28.236,28.6,28.829,28.849,29.119,29.15,29.418,29.599,29.563,29.666,29.861,29.841,29.764,29.83,29.769,29.789,29.573,29.599,29.552,29.382,29.294,29.103,29.186,29.062,28.912,28.875,28.875,28.746,28.683,28.699,28.527,28.361,0,0,0,0,0,0,0,0
0,0,0,25.9,26.331,26.288,26.378,26.426,26.368,26.458,26.453,26.617,26.612,26.548,26.675,26.834,26.839,26.924,27.003,27.187,27.161,27.456,27.576,27.639,27.713,28.016,28.11,28.267,28.636,28.626,28.823,29.02,29.02,29.16,29.398,29.408,29.563,29.619,29.779,29.82,29.805,29.825,29.846,29.81,29.655,29.578,29.496,29.465,29.346,29.279,29.238,29.165,28.963,28.948,28.823,28.87,28.704,28.548,28.366,28.032,0,0,0,0,0,0,0,0
0,0,0,26.283,26.347,26.293,26.336,26.431,26.41,26.458,26.458,26.622,26.612,26.643,26.649,26.823,26.892,26.887,27.013,27.114,27.245,27.435,27.597,27.529,27.55,27.886,28.163,28.314,28.584,28.621,28.927,28.927,29.176,29.325,29.382,29.594,29.671,29.676,29.692,29.995,29.815,29.81,29.882,29.764,29.707,29.501,29.547,29.429,29.341,29.32,29.201,29.196,29.072,29.057,28.932,28.937,28.647,28.543,28.329,28.032,0,0,0,0,0,0,0,0
0,0,0,26.262,26.357,26.442,26.458,26.5,26.612,26.527,26.649,26.707,26.733,26.792,26.792,26.982,26.998,26.998,26.998,27.198,27.324,27.498,27.519,27.555,27.65,27.891,28.016,28.329,28.584,28.574,28.725,28.912,29.082,29.31,29.294,29.522,29.722,29.774,29.753,29.8,29.892,29.774,29.918,29.769,29.753,29.599,29.48,29.48,29.393,29.387,29.294,29.263,29.036,29.124,28.948,28.937,28.709,28.584,28.34,28.011,0,0,0,0,0,0,0,0
0,0,0,25.969,26.219,26.426,26.442,26.469,26.543,26.622,26.601,26.643,26.755,26.733,26.818,27.05,26.818,26.982,27.203,27.293,27.371,27.508,27.76,27.713,27.927,28.168,28.168,28.147,28.522,28.574,28.72,28.792,29.082,29.176,29.263,29.475,29.661,29.692,29.748,29.743,29.764,29.784,29.892,29.758,29.712,29.743,29.594,29.46,29.325,29.393,29.15,29.067,28.963,29.015,28.969,28.984,28.73,28.72,28.309,28.1,0,0,0,0,0,0,0,0
0,0,0,26.246,26.246,26.575,26.469,26.691,26.643,26.665,26.643,26.702,26.665,26.765,26.887,27.024,26.95,26.971,27.219,27.303,27.371,27.55,27.524,27.776,27.859,28.058,28.142,28.298,28.376,28.683,28.704,29.067,29.124,29.124,29.362,29.444,29.527,29.661,29.64,29.707,29.82,29.872,29.748,29.769,29.774,29.552,29.619,29.46,29.527,29.491,29.165,29.134,29.124,28.984,28.974,28.829,28.657,28.329,28.121,27.66,0,0,0,0,0,0,0,0
0,0,0,26.203,26.463,26.59,26.633,26.59,26.712,26.739,26.839,26.839,26.723,26.86,26.86,26.876,26.95,27.082,27.256,27.335,27.371,27.482,27.529,27.645,27.77,27.849,28.136,28.251,28.449,28.569,28.782,29.041,29.176,29.274,29.491,29.455,29.63,29.65,29.738,29.697,29.733,29.733,29.748,29.769,29.769,29.64,29.434,29.408,29.475,29.331,29.212,29.119,29.139,29.015,28.958,28.73,28.631,28.449,28.314,27.718,0,0,0,0,0,0,0,0
0,0,0,25.782,26.453,26.59,26.665,26.792,26.755,26.675,26.696,26.776,26.834,26.792,26.918,27.087,27.008,27.087,27.24,27.24,27.34,27.487,27.508,27.634,27.776,27.917,27.99,28.267,28.303,28.543,28.771,28.994,29.108,29.15,29.341,29.351,29.594,29.578,29.599,29.697,29.815,29.8,29.769,29.81,29.702,29.542,29.47,29.475,29.475,29.294,29.294,29.279,29.103,28.994,28.891,28.901,28.631,28.595,28.267,27.886,0,0,0,0,0,0,0,0
0,0,0,25.033,26.278,26.665,26.59,26.68,26.755,26.765,26.765,26.765,26.829,26.908,27.024,27.092,27.034,27.15,27.198,27.382,27.519,27.508,27.44,27.906,27.933,27.974,28.199,28.199,28.298,28.574,28.636,29,29.098,29.124,29.305,29.351,29.578,29.568,29.692,29.666,29.717,29.8,29.661,29.748,29.635,29.614,29.532,29.439,29.32,29.325,29.258,29.098,29.108,29.108,28.906,28.746,28.746,28.465,28.423,28.032,0,0,0,0,0,0,0,0
0,0,0,26.006,26.474,26.474,26.59,26.739,26.728,26.776,26.792,26.781,26.818,26.998,27.04,27.05,27.14,27.219,27.235,27.287,27.44,27.513,27.571,27.854,27.943,28.042,28.105,28.319,28.538,28.746,28.74,29.051,29.088,29.17,29.17,29.305,29.506,29.702,29.712,29.712,29.645,29.82,29.589,29.707,29.655,29.619,29.552,29.501,29.48,29.346,29.238,29.119,29.098,29.02,28.875,28.725,28.647,28.522,28.314,27.906,0,0,0,0,0,0,0,0
0,0,0,25.585,26.426,26.59,26.807,26.866,26.744,26.839,26.829,26.823,26.765,26.839,26.987,27.077,27.087,27.208,27.266,27.387,27.471,27.545,27.686,27.713,27.969,27.865,28.074,28.319,28.465,28.688,28.714,29.046,29.124,29.222,29.232,29.496,29.485,29.48,29.527,29.779,29.758,29.712,29.712,29.8,29.645,29.614,29.491,29.537,29.424,29.393,29.248,29.253,29.051,29.041,28.855,28.735,28.574,28.694,28.314,28.194,0,0,0,0,0,0,0,0
0,0,0,0,26.431,26.564,26.654,26.702,26.924,26.939,26.797,26.797,26.945,27.061,27.04,27.156,27.161,27.25,27.256,27.272,27.487,27.466,27.634,27.713,27.859,27.99,28.058,28.189,28.397,28.595,28.756,28.87,29.036,29.046,29.181,29.3,29.393,29.511,29.527,29.599,29.753,29.599,29.671,29.578,29.516,29.47,29.341,29.547,29.367,29.367,29.372,29.258,29.294,29.165,28.855,28.891,28.725,28.647,28.361,28.178,0,0,0,0,0,0,0,0
0,0,0,0,26.091,26.431,26.707,26.755,26.807,26.702,26.855,26.913,26.976,27.034,26.955,27.029,27.182,27.208,27.371,27.261,27.44,27.624,27.707,27.901,27.854,28.079,28.199,28.371,28.371,28.491,28.595,28.855,28.927,29.134,29.191,29.248,29.356,29.418,29.578,29.47,29.609,29.578,29.563,29.547,29.568,29.47,29.506,29.48,29.413,29.413,29.341,29.341,29.243,29.134,28.948,28.756,28.777,28.777,28.136,28.183,27.954,0,0,0,0,0,0,0
0,0,0,0,26.378,26.622,26.622,26.712,26.855,26.887,26.807,26.95,26.887,26.834,26.982,27.077,27.224,27.177,27.308,27.261,27.445,27.524,27.692,27.776,27.786,27.98,28.032,28.262,28.543,28.558,28.673,28.901,29.005,29.108,29.294,29.279,29.263,29.315,29.444,29.573,29.491,29.475,29.465,29.578,29.573,29.449,29.506,29.506,29.537,29.563,29.403,29.351,29.32,29.274,29.031,28.953,28.694,28.564,28.225,28.209,27.917,0,0,0,0,0,0,0
0,0,0,0,26.442,26.617,26.76,26.723,26.934,26.77,26.961,26.844,27.034,26.95,26.95,27.077,27.177,27.15,27.245,27.261,27.371,27.414,27.613,27.65,27.728,27.922,28.053,28.204,28.387,28.595,28.595,28.886,28.969,28.953,29.067,29.331,29.408,29.506,29.645,29.449,29.537,29.604,29.542,29.542,29.547,29.573,29.537,29.578,29.522,29.491,29.393,29.418,29.274,29.207,29.119,28.922,28.792,28.538,28.423,28.355,28.152,0,0,0,0,0,0,0
0,0,0,0,25.83,26.416,26.479,26.691,26.844,26.744,26.866,26.844,26.897,26.86,27.003,27.061,27.066,27.256,27.298,27.319,27.477,27.477,27.55,27.671,27.854,27.906,28.016,28.116,28.366,28.397,28.595,28.746,28.974,29.005,29.16,29.258,29.305,29.398,29.645,29.444,29.532,29.542,29.527,29.599,29.681,29.697,29.65,29.712,29.645,29.496,29.356,29.398,29.284,29.305,29.124,29.005,28.963,28.771,28.595,28.465,28.282,0,0,0,0,0,0,0
0,0,0,0,25.718,26.4,26.622,26.691,26.834,26.829,26.887,26.976,26.976,26.992,26.992,27.024,27.108,27.219,27.245,27.324,27.456,27.576,27.571,27.681,27.906,27.886,27.933,28.236,28.418,28.418,28.574,28.709,28.917,28.865,29.16,29.284,29.294,29.351,29.413,29.532,29.506,29.547,29.748,29.547,29.542,29.712,29.784,29.65,29.599,29.537,29.382,29.325,29.377,29.222,29.134,29.124,29.015,28.855,28.766,28.465,28.408,28.157,0,0,0,0,0,0
0,0,0,0,0,26.543,26.638,26.665,26.887,26.755,26.823,26.908,26.807,26.902,27.008,27.05,27.087,27.071,27.361,27.387,27.503,27.445,27.466,27.655,27.865,27.776,27.985,28.194,28.277,28.595,28.777,28.803,28.891,28.953,29.331,29.362,29.362,29.294,29.434,29.449,29.604,29.594,29.568,29.758,29.686,29.65,29.63,29.547,29.516,29.722,29.48,29.583,29.387,29.31,29.227,29.057,29.015,28.855,28.673,28.621,28.319,27.995,0,0,0,0,0,0
0,0,0,0,0,26.453,26.717,26.733,26.744,26.85,26.934,26.913,26.892,26.971,27.087,27.008,27.108,27.066,27.187,27.324,27.324,27.45,27.519,27.608,27.597,27.817,27.985,28.163,28.335,28.496,28.694,28.782,28.797,28.917,29.088,29.227,29.346,29.367,29.527,29.377,29.47,29.408,29.558,29.558,29.558,29.573,29.64,29.594,29.794,29.733,29.614,29.547,29.398,29.31,29.191,29.062,29.057,28.969,28.72,28.735,28.475,28.116,0,0,0,0,0,0
0,0,0,0,0,26.24,26.532,26.649,26.744,26.892,26.781,26.866,26.807,26.707,26.913,27.092,27.013,27.114,27.229,27.356,27.319,27.387,27.519,27.608,27.655,27.859,27.927,28.199,28.272,28.361,28.569,28.714,28.74,28.875,29.093,29.067,29.212,29.238,29.429,29.32,29.331,29.331,29.537,29.429,29.413,29.661,29.65,29.619,29.676,29.558,29.589,29.589,29.563,29.398,29.3,29.263,29.129,29.041,28.891,28.906,28.678,28.324,0,0,0,0,0,0
0,0,0,0,0,26.054,26.416,26.633,26.717,26.739,26.749,26.945,26.866,26.839,26.961,27.04,27.066,27.124,27.229,27.208,27.235,27.319,27.471,27.618,27.686,27.886,28.142,28.183,28.319,28.449,28.626,28.694,28.751,28.787,28.896,29.108,29.15,29.139,29.284,29.248,29.279,29.274,29.315,29.398,29.455,29.661,29.65,29.692,29.563,29.63,29.537,29.609,29.563,29.403,29.424,29.145,29.207,28.937,28.87,28.87,28.704,28.361,28.095,0,0,0,0,0
0,0,0,0,0,26.309,26.447,26.649,26.649,26.723,26.765,26.702,26.712,26.892,26.961,26.982,26.966,27.219,27.166,27.282,27.103,27.35,27.44,27.629,27.686,27.77,28.147,28.032,28.376,28.376,28.475,28.621,28.636,28.834,28.891,28.974,29.16,29.16,29.186,29.248,29.212,29.274,29.367,29.377,29.506,29.506,29.666,29.542,29.506,29.63,29.619,29.532,29.578,29.475,29.434,29.336,29.15,29.217,29.088,28.849,28.506,28.236,27.938,0,0,0,0,0
0,0,0,0,0,25.942,26.495,26.628,26.495,26.59,26.728,26.712,26.755,26.871,26.939,26.818,26.818,27.029,27.066,27.145,27.319,27.303,27.487,27.613,27.634,27.713,28.006,27.98,28.23,28.402,28.569,28.579,28.808,28.777,29.041,29.005,29.072,29.196,29.176,29.201,29.336,29.367,29.429,29.418,29.413,29.625,29.671,29.552,29.589,29.661,29.635,29.532,29.424,29.516,29.356,29.398,29.46,28.958,28.974,28.839,28.673,28.309,27.959,0,0,0,0,0
0,0,0,0,0,25.82,26.495,26.453,26.506,26.606,26.781,26.717,26.76,26.802,26.966,26.871,26.998,27.087,27.25,27.177,27.308,27.371,27.587,27.587,27.513,27.66,27.943,27.974,28.136,28.314,28.522,28.683,28.709,28.756,28.927,28.958,29.067,29.067,29.165,29.186,29.258,29.294,29.393,29.475,29.614,29.511,29.599,29.625,29.552,29.563,29.63,29.599,29.485,29.403,29.372,29.243,29.232,29.114,29.051,28.829,28.751,28.246,28.11,0,0,0,0,0
0,0,0,0,0,0,26.155,26.325,26.416,26.442,26.612,26.543,26.68,26.776,26.813,26.934,26.961,26.892,27.087,27.124,27.24,27.219,27.524,27.461,27.498,27.76,27.995,28.095,28.309,28.434,28.59,28.59,28.6,28.756,28.86,28.865,29.02,29.005,29.103,29.227,29.072,29.3,29.331,29.294,29.48,29.475,29.542,29.516,29.511,29.444,29.522,29.439,29.393,29.424,29.3,29.258,29.098,28.937,28.922,28.813,28.751,28.48,28.246,0,0,0,0,0
0,0,0,0,0,0,26.256,26.304,26.447,26.447,26.628,26.522,26.569,26.675,26.792,26.649,26.834,26.95,27.066,26.971,27.193,27.219,27.414,27.34,27.387,27.713,27.781,28.1,28.215,28.434,28.397,28.423,28.642,28.87,28.761,28.901,28.979,28.834,28.834,29.005,29.082,29.103,29.201,29.248,29.294,29.439,29.465,29.522,29.362,29.516,29.403,29.516,29.408,29.305,29.284,29.356,29.098,28.932,29.036,28.777,28.569,28.204,28.027,0,0,0,0,0
0,0,0,0,0,0,26.171,26.299,26.325,26.495,26.437,26.628,26.675,26.628,26.823,27.008,26.871,26.871,26.924,27.092,27.171,27.066,27.345,27.387,27.34,27.713,27.786,27.948,28.11,28.178,28.491,28.277,28.569,28.725,28.735,28.937,28.782,28.891,28.953,28.958,28.927,29.082,29.243,29.248,29.207,29.351,29.351,29.439,29.351,29.516,29.527,29.372,29.408,29.279,29.181,29.098,29.072,29.036,28.948,28.829,28.538,28.314,28.074,0,0,0,0,0
0,0,0,0,0,0,25.788,26.325,26.224,26.208,26.309,26.612,26.638,26.617,26.702,26.744,26.839,26.871,27.003,26.998,27.082,27.14,27.208,27.445,27.445,27.718,27.624,27.87,27.964,28.199,28.272,28.413,28.408,28.574,28.579,28.662,28.662,28.834,28.844,28.901,28.958,29.031,29.093,29.093,29.181,29.227,29.294,29.284,29.346,29.393,29.258,29.269,29.356,29.062,29.062,29.217,29.062,29.067,29.005,28.761,28.579,28.324,28.079,0,0,0,0,0
0,0,0,0,0,0,25.483,25.98,26.198,26.246,26.453,26.426,26.633,26.532,26.68,26.829,26.823,26.871,26.85,27.024,26.929,27.145,27.114,27.361,27.435,27.645,27.807,27.927,28.089,28.282,28.402,28.413,28.413,28.621,28.652,28.621,28.61,28.797,28.787,28.813,28.912,29.082,29.093,29.01,29.181,29.181,29.176,29.243,29.17,29.238,29.16,29.176,29.238,29.103,29.124,29.082,28.87,28.891,28.787,28.543,28.293,28.293,28.027,0,0,0,0,0
0,0,0,0,0,0,25.857,26.123,26.203,26.24,26.362,26.495,26.601,26.532,26.665,26.601,26.665,26.85,26.902,26.908,26.934,27.045,27.156,27.366,27.503,27.608,27.807,27.922,27.959,28.225,28.225,28.402,28.355,28.6,28.605,28.574,28.657,28.683,28.818,28.818,28.912,28.823,28.937,29.02,29.191,29.258,29.108,29.046,29.165,29.072,29.093,29.02,29.093,29.082,28.912,28.875,28.865,28.958,28.787,28.652,28.314,28.006,27.954,0,0,0,0,0
0,0,0,0,0,0,0,26.161,26.155,26.24,26.368,26.41,26.522,26.601,26.606,26.628,26.691,26.813,26.813,26.971,26.913,27.066,27.103,27.266,27.408,27.608,27.671,27.906,27.859,28.095,28.251,28.319,28.262,28.402,28.444,28.553,28.657,28.642,28.605,28.668,28.771,28.829,28.922,28.984,29.108,29.124,28.937,28.937,29.145,28.958,29.134,28.896,29.005,28.875,28.839,28.829,28.875,28.787,28.714,28.486,28.256,28.063,27.87,0,0,0,0,0
0,0,0,0,0,0,0,25.836,25.937,26.256,26.203,26.421,26.458,26.548,26.537,26.606,26.633,26.691,26.802,26.892,26.955,27.219,27.324,27.219,27.498,27.445,27.576,27.786,27.686,27.974,28.042,28.131,28.262,28.324,28.366,28.434,28.413,28.61,28.704,28.584,28.704,28.818,28.777,28.725,28.803,28.849,28.886,28.932,28.896,28.948,28.834,28.896,28.797,28.87,28.668,28.668,28.787,28.652,28.631,28.486,28.314,27.98,27.817,0,0,0,0,0
0,0,0,0,0,0,0,25.381,26.033,26.107,26.278,26.32,26.421,26.437,26.495,26.564,26.585,26.76,26.813,26.897,26.924,27.077,27.25,27.303,27.335,27.482,27.487,27.671,27.985,27.943,28.089,28.262,28.199,28.199,28.361,28.491,28.444,28.47,28.522,28.527,28.564,28.569,28.683,28.751,28.704,28.808,28.901,28.72,28.839,28.746,28.803,28.771,28.813,28.72,28.668,28.694,28.766,28.569,28.475,28.178,28.152,27.823,27.823,0,0,0,0,0
0,0,0,0,0,0,0,25.836,26.123,26.235,26.336,26.336,26.336,26.463,26.49,26.463,26.522,26.781,26.68,26.749,27.013,27.082,27.15,27.219,27.335,27.387,27.508,27.582,27.812,27.88,28.011,28.074,28.241,28.303,28.319,28.251,28.428,28.517,28.397,28.512,28.465,28.46,28.605,28.558,28.673,28.642,28.777,28.553,28.673,28.72,28.642,28.771,28.616,28.616,28.522,28.647,28.59,28.439,28.309,28.11,28.001,27.707,27.492,0,0,0,0,0
0,0,0,0,0,0,0,25.601,25.974,26.177,26.362,26.331,26.469,26.532,26.506,26.453,26.511,26.686,26.665,26.665,27.013,27.077,27.05,27.224,27.303,27.303,27.597,27.566,27.744,27.891,27.922,27.969,28.1,28.236,28.204,28.178,28.371,28.121,28.392,28.376,28.532,28.564,28.418,28.626,28.673,28.584,28.558,28.428,28.548,28.683,28.454,28.647,28.6,28.548,28.506,28.454,28.449,28.392,28.23,28.163,27.933,27.666,27.419,0,0,0,0,0
0,0,0,0,0,0,0,24.909,25.782,26.134,26.272,26.214,26.304,26.357,26.463,26.479,26.511,26.649,26.617,26.781,26.939,26.929,26.987,27.277,27.382,27.519,27.519,27.587,27.749,27.838,27.875,28.095,28.131,28.032,28.173,28.084,28.147,28.194,28.256,28.366,28.434,28.361,28.314,28.361,28.434,28.454,28.439,28.428,28.496,28.506,28.465,28.387,28.402,28.241,28.194,28.324,28.324,28.173,28.194,28.074,27.781,27.624,27.345,0,0,0,0,0
0,0,0,0,0,0,0,0,25.676,25.996,26.038,26.24,26.304,26.331,26.41,26.362,26.633,26.532,26.702,26.807,26.897,26.945,27.098,27.129,27.282,27.34,27.487,27.508,27.755,27.728,27.823,27.87,28.131,27.959,27.959,27.875,28.089,28.157,28.194,28.189,28.314,28.34,28.387,28.361,28.408,28.355,28.387,28.324,28.298,28.382,28.402,28.418,28.225,28.246,27.99,28.22,28.1,28.032,27.943,27.781,27.424,27.324,27.224,0,0,0,0,0
0,0,0,0,0,0,0,0,26.022,26.278,26.107,26.246,26.272,26.325,26.357,26.474,26.347,26.728,26.638,26.792,26.866,26.945,26.998,27.156,27.203,27.335,27.561,27.566,27.582,27.639,27.791,27.807,28.095,27.954,27.906,28.048,28.105,28.136,28.189,28.262,28.382,28.163,28.163,28.361,28.157,28.319,28.303,28.335,28.225,28.189,28.246,28.168,28.209,28.152,28.236,28.22,28.163,27.995,27.76,27.692,27.403,27.335,26.945,0,0,0,0,0
0,0,0,0,0,0,0,0,25.873,26.113,26.086,26.299,26.362,26.278,26.384,26.32,26.479,26.569,26.67,26.717,26.686,26.818,27.092,27.05,27.266,27.308,27.35,27.382,27.498,27.671,27.765,27.666,27.948,27.807,27.886,28.048,28.074,28.131,28.032,28.194,28.246,28.079,28.021,28.194,28.074,28.053,28.042,28.246,28.079,28.079,28.131,28.157,28.116,27.954,28.001,27.99,27.823,27.76,27.707,27.597,27.414,27.119,26.945,0,0,0,0,0
0,0,0,0,0,0,0,0,25.766,25.98,26.091,26.198,26.251,26.336,26.352,26.442,26.511,26.5,26.606,26.792,26.902,27.008,27.024,27.145,27.245,27.214,27.272,27.272,27.429,27.723,27.65,27.666,27.65,27.817,27.802,27.954,27.886,28.032,27.938,28.037,28.074,28.048,27.995,28.037,28.089,28.006,27.98,28.032,28.1,28.11,27.943,27.959,27.933,27.912,27.854,27.959,27.797,27.797,27.707,27.65,27.308,27.103,27.05,0,0,0,0,0
0,0,0,0,0,0,0,0,25.408,26.017,26.145,26.208,26.07,26.293,26.315,26.336,26.553,26.543,26.786,26.68,26.68,26.955,27.024,26.982,27.161,27.203,27.329,27.377,27.424,27.587,27.681,27.728,27.739,27.765,27.776,27.901,27.901,28.037,27.891,27.938,27.99,27.833,27.854,27.906,27.917,27.933,27.849,27.933,27.938,27.954,27.854,28.048,27.728,27.938,27.854,27.786,27.807,27.519,27.414,27.298,27.098,26.987,26.67,0,0,0,0,0
0,0,0,0,0,0,0,0,25.857,26.044,26.166,26.299,26.23,26.23,26.256,26.447,26.447,26.484,26.612,26.649,26.797,26.86,26.971,26.982,27.04,26.987,27.208,27.314,27.44,27.561,27.555,27.66,27.534,27.576,27.76,27.797,27.812,27.791,27.692,27.859,27.807,27.854,27.655,27.87,27.974,27.749,27.765,27.875,27.791,27.817,27.854,27.776,27.718,27.755,27.676,27.618,27.55,27.366,27.308,27.103,27.114,26.728,26.728,0,0,0,0,0
0,0,0,0,0,0,0,0,25.788,25.958,26.118,26.081,26.256,26.262,26.347,26.272,26.458,26.59,26.564,26.733,26.823,26.823,26.792,27.024,27.05,27.187,27.245,27.329,27.392,27.366,27.377,27.587,27.655,27.603,27.597,27.744,27.681,27.65,27.513,27.844,27.666,27.718,27.624,27.838,27.713,27.791,27.702,27.618,27.702,27.587,27.755,27.666,27.576,27.608,27.566,27.571,27.498,27.329,27.198,27.119,26.95,26.839,26.5,0,0,0,0,0
0,0,0,0,0,0,0,0,25.488,25.948,26.145,26.203,26.219,26.256,26.352,26.272,26.426,26.548,26.495,26.585,26.728,26.649,26.866,26.939,27.177,27.25,27.203,27.35,27.35,27.356,27.335,27.508,27.561,27.513,27.608,27.765,27.571,27.639,27.471,27.618,27.692,27.524,27.624,27.802,27.671,27.624,27.618,27.639,27.571,27.45,27.508,27.503,27.314,27.377,27.329,27.377,27.245,27.056,27.182,27.214,26.85,26.643,26.511,0,0,0,0,0
0,0,0,0,0,0,0,0,24.968,25.916,26.086,26.203,26.129,26.256,26.251,26.352,26.41,26.453,26.421,26.628,26.712,26.665,26.707,26.881,27.034,27.108,27.013,27.214,27.229,27.24,27.298,27.466,27.356,27.592,27.608,27.561,27.561,27.508,27.471,27.54,27.482,27.392,27.702,27.603,27.545,27.576,27.686,27.356,27.477,27.266,27.392,27.229,27.329,27.298,27.229,27.103,27.061,26.966,27.003,26.802,26.643,26.437,26.214,0,0,0,0,0
0,0,0,0,0,0,0,0,25.574,25.98,25.926,26.065,26.129,26.075,26.075,26.203,26.331,26.251,26.405,26.537,26.553,26.59,26.797,26.892,26.929,26.992,27.098,27.092,27.229,27.119,27.14,27.335,27.314,27.298,27.608,27.429,27.477,27.471,27.529,27.371,27.44,27.477,27.503,27.487,27.487,27.266,27.329,27.366,27.282,27.114,27.266,27.272,27.282,27.25,27.235,27.103,27.082,26.939,26.871,26.707,26.643,26.368,26.182,0,0,0,0,0
0,0,0,0,0,0,0,0,25.333,25.74,25.782,25.964,26.097,26.283,26.214,26.304,26.315,26.325,26.347,26.527,26.606,26.659,26.659,26.76,26.881,26.924,26.95,27.082,27.103,27.04,27.14,27.224,27.203,27.282,27.371,27.24,27.256,27.34,27.508,27.435,27.461,27.519,27.387,27.308,27.087,27.145,27.166,27.171,27.045,26.961,27.156,27.156,27.061,27.013,27.119,27.103,26.887,26.86,26.786,26.601,26.447,26.368,26.097,0,0,0,0,0
0,0,0,0,0,0,0,0,0,25.478,25.729,26.006,26.044,26.113,26.145,26.155,26.32,26.336,26.288,26.431,26.548,26.617,26.569,26.966,26.834,26.829,26.866,26.86,26.971,26.971,27.124,27.266,27.198,27.203,27.261,27.356,27.314,27.24,27.356,27.429,27.356,27.287,27.308,27.261,27.156,27.103,27.156,27.092,27.082,27.05,27.04,27.145,27.013,26.897,26.945,26.871,26.823,26.755,26.532,26.532,26.278,26.41,25.921,0,0,0,0,0
0,0,0,0,0,0,0,0,0,25.253,25.617,25.868,25.98,26.038,26.235,26.102,26.299,26.262,26.278,26.256,26.469,26.527,26.569,26.813,26.675,26.807,26.85,26.908,26.918,26.929,27.161,26.961,27.029,27.061,27.135,27.229,27.203,27.203,27.356,27.303,27.314,27.282,27.224,27.171,27.14,27.003,27.061,26.998,27.003,26.982,27.003,26.781,26.823,26.897,26.702,26.823,26.585,26.601,26.601,26.437,25.98,25.974,25.937,0,0,0,0,0
0,0,0,0,0,0,0,0,0,25.36,25.718,25.889,25.868,26.107,26.065,26.145,26.097,26.113,26.278,26.373,26.4,26.458,26.474,26.553,26.564,26.786,26.834,26.765,26.871,26.85,26.855,27.019,27.119,26.998,27.071,27.135,27.193,27.208,27.266,27.187,27.019,27.082,27.056,27.108,27.082,27.082,26.902,27.071,26.897,26.982,26.971,26.839,26.755,26.818,26.659,26.686,26.527,26.564,26.336,26.214,26.006,25.878,25.953,0,0,0,0,0
0,0,0,0,0,0,0,0,0,25.237,25.483,25.692,25.964,26.028,26.065,26.123,26.203,26.214,26.315,26.325,26.405,26.49,26.543,26.543,26.691,26.76,26.76,26.77,26.77,26.818,26.998,26.897,27.04,26.887,26.987,27.171,27.082,27.077,27.219,27.235,27.029,27.045,27.119,26.976,27.082,27.008,26.839,26.929,26.765,26.728,26.723,26.691,26.691,26.68,26.702,26.601,26.49,26.484,26.262,26.177,25.969,25.82,25.921,0,0,0,0,0
0,0,0,0,0,0,0,0,0,25.135,25.574,25.67,25.793,25.953,25.91,26.208,26.123,26.118,26.272,26.235,26.41,26.431,26.389,26.543,26.596,26.696,26.717,26.797,26.955,26.85,26.792,26.792,26.792,26.77,27.045,27.003,27.04,26.913,27.182,27.034,27.077,27.045,26.929,26.902,26.892,26.871,26.897,26.77,26.733,26.76,26.622,26.617,26.49,26.585,26.649,26.32,26.394,26.235,26.24,26.028,26.028,26.012,25.974,0,0,0,0,0
0,0,0,0,0,0,0,0,0,24.995,25.574,25.702,25.756,25.836,25.948,25.969,25.953,26.075,26.139,26.166,26.357,26.304,26.426,26.537,26.532,26.649,26.649,26.702,26.749,26.76,26.876,26.844,26.918,26.945,26.971,26.924,27.024,27.013,27.013,27.103,26.987,27.024,26.807,26.855,26.897,26.76,26.77,26.728,26.606,26.781,26.686,26.495,26.506,26.495,26.495,26.384,26.208,26.198,26.065,26.028,25.948,26.129,26.357,0,0,0,0,0
0,0,0,0,0,0,0,0,0,25.29,25.521,25.772,25.814,25.756,25.937,25.948,25.948,26.006,26.161,26.113,26.283,26.315,26.251,26.537,26.537,26.469,26.559,26.431,26.654,26.739,26.776,26.675,26.813,26.945,26.945,26.85,26.902,26.971,27.019,26.887,26.866,26.871,26.792,26.844,26.739,26.77,26.77,26.702,26.532,26.58,26.474,26.585,26.341,26.506,26.41,26.288,26.24,26.315,26.054,26.001,25.948,26.091,26.617,0,0,0,0,0
0,0,0,0,0,0,0,0,0,24.904,25.424,25.681,25.665,25.724,25.83,25.969,25.958,25.99,26.044,26.102,26.113,26.235,26.421,26.315,26.315,26.469,26.522,26.67,26.643,26.739,26.612,26.792,26.659,26.739,26.881,26.691,26.813,26.881,26.834,26.776,26.834,26.823,26.818,26.717,26.707,26.612,26.596,26.506,26.431,26.463,26.431,26.166,26.219,26.224,26.331,26.187,26.24,26.309,25.974,26.028,25.99,26.182,0,0,0,0,0,0
0,0,0,0,0,0,0,0,0,0,25.247,25.547,25.478,25.622,25.825,25.846,25.772,25.82,25.98,25.98,26.075,26.102,26.267,26.352,26.341,26.548,26.484,26.5,26.58,26.606,26.691,26.802,26.802,26.702,26.638,26.749,26.691,26.728,26.876,26.844,26.765,26.86,26.728,26.728,26.622,26.733,26.638,26.41,26.474,26.522,26.251,26.171,26.219,26.283,26.166,26.145,26.006,26.198,26.028,26.006,26.166,26.166,0,0,0,0,0,0
0,0,0,0,0,0,0,0,0,0,25.076,25.349,25.526,25.483,25.665,25.756,25.729,25.83,26.033,25.873,26.091,26.102,26.214,26.288,26.278,26.479,26.431,26.458,26.469,26.68,26.596,26.559,26.638,26.712,26.712,26.649,26.675,26.77,26.702,26.702,26.792,26.696,26.776,26.744,26.665,26.638,26.516,26.421,26.474,26.256,26.272,26.113,26.235,26.24,26.038,26.054,26.012,26.097,25.942,25.942,26.155,26.945,0,0,0,0,0,0
0,0,0,0,0,0,0,0,0,0,25.21,25.392,25.414,25.654,25.718,25.782,25.846,25.83,25.793,25.91,25.98,26.145,26.262,26.193,26.304,26.442,26.315,26.431,26.41,26.532,26.511,26.548,26.553,26.622,26.643,26.659,26.59,26.739,26.612,26.723,26.617,26.76,26.606,26.67,26.49,26.516,26.362,26.362,26.469,26.246,26.256,26.251,26.033,26.07,26.075,26.017,26.028,26.038,25.921,25.942,26.23,0,0,0,0,0,0,0
0,0,0,0,0,0,0,0,0,0,24.963,25.162,25.317,25.654,25.665,25.676,25.74,25.804,25.782,26.022,26.065,26.086,26.038,26.309,26.288,26.309,26.474,26.389,26.341,26.511,26.537,26.511,26.522,26.68,26.537,26.606,26.601,26.717,26.633,26.643,26.617,26.686,26.649,26.506,26.49,26.479,26.182,26.262,26.23,26.278,26.171,26.091,26.07,26.065,26.065,25.948,25.985,25.974,25.996,25.894,26.15,0,0,0,0,0,0,0
0,0,0,0,0,0,0,0,0,0,0,25.172,25.312,25.424,25.494,25.622,25.676,25.734,25.836,25.804,25.953,26.054,26.118,26.081,26.177,26.299,26.336,26.293,26.373,26.5,26.553,26.41,26.4,26.702,26.553,26.5,26.601,26.696,26.58,26.585,26.675,26.5,26.463,26.32,26.272,26.447,26.198,26.193,26.198,26.272,26.134,25.953,26.038,26.097,25.9,25.724,25.836,25.734,25.756,25.948,26.707,0,0,0,0,0,0,0
0,0,0,0,0,0,0,0,0,0,0,24.952,25.199,25.408,25.44,25.617,25.531,25.713,25.708,25.788,25.782,26.006,25.921,26.107,26.102,26.336,26.198,26.198,26.304,26.362,26.474,26.4,26.4,26.506,26.601,26.437,26.559,26.516,26.58,26.463,26.548,26.484,26.458,26.246,26.299,26.272,26.256,26.187,26.129,26.161,26.017,26.097,26.049,25.873,25.766,25.772,25.836,25.681,25.713,25.734,26.469,0,0,0,0,0,0,0
0,0,0,0,0,0,0,0,0,0,0,25.049,25.102,25.419,25.403,25.521,25.494,25.542,25.542,25.654,25.697,25.82,25.884,25.932,25.916,26.139,26.336,26.283,26.304,26.442,26.357,26.368,26.389,26.4,26.495,26.431,26.463,26.506,26.453,26.352,26.384,26.341,26.219,26.256,26.315,26.246,26.208,26.06,26.219,26.134,25.953,25.857,25.772,25.777,25.804,25.622,25.772,25.585,25.515,25.734,0,0,0,0,0,0,0,0
0,0,0,0,0,0,0,0,0,0,0,24.861,25.06,25.226,25.376,25.419,25.397,25.601,25.681,25.563,25.74,25.884,25.905,25.932,25.969,26.15,26.15,26.15,26.24,26.283,26.272,26.155,26.416,26.463,26.352,26.315,26.336,26.331,26.4,26.198,26.41,26.224,26.171,26.161,26.198,26.208,26.145,25.98,25.996,25.98,25.846,25.702,25.654,25.665,25.628,25.622,25.734,25.574,25.558,25.708,0,0,0,0,0,0,0,0
0,0,0,0,0,0,0,0,0,0,0,0,24.952,25.162,25.129,25.183,25.242,25.414,25.542,25.617,25.494,25.772,25.766,25.884,25.969,26.028,26.022,26.001,26.129,26.203,26.145,26.134,26.251,26.373,26.373,26.235,26.384,26.278,26.123,26.081,26.214,26.081,26.161,26.113,26.044,26.033,25.99,25.985,25.985,25.852,25.862,25.702,25.611,25.66,25.505,25.633,25.36,25.414,25.408,25.692,0,0,0,0,0,0,0,0
0,0,0,0,0,0,0,0,0,0,0,0,24.774,25.027,25.129,25.162,25.119,25.371,25.301,25.451,25.494,25.601,25.553,25.633,25.868,25.809,26.017,26.006,26.038,26.033,26.033,25.969,26.091,26.091,26.193,26.054,26.102,26.187,26.065,25.953,26.113,26.113,26.044,26.06,25.99,26.123,25.921,25.985,25.83,25.708,25.708,25.708,25.665,25.585,25.558,25.478,25.392,25.263,25.237,0,0,0,0,0,0,0,0,0
0,0,0,0,0,0,0,0,0,0,0,0,24.753,25.038,25.145,25.108,25.21,25.355,25.306,25.456,25.547,25.553,25.537,25.59,25.798,25.804,25.857,25.782,26.081,26.044,25.932,25.974,26.086,26.134,26.049,26.129,26.086,25.953,25.884,25.852,25.948,25.846,25.761,25.878,25.884,25.75,25.67,25.67,25.708,25.708,25.702,25.67,25.638,25.414,25.408,25.499,25.162,25.188,25.07,0,0,0,0,0,0,0,0,0
0,0,0,0,0,0,0,0,0,0,0,0,0,24.812,25.06,25.049,25.167,25.317,25.285,25.231,25.617,25.451,25.579,25.542,25.761,25.766,25.745,25.745,25.974,25.889,25.873,25.841,25.905,26.097,25.916,25.948,25.905,25.942,25.857,25.852,25.857,25.798,25.777,25.82,25.713,25.654,25.66,25.697,25.553,25.43,25.472,25.51,25.397,25.258,25.274,25.21,25.21,25.226,25.07,0,0,0,0,0,0,0,0,0
0,0,0,0,0,0,0,0,0,0,0,0,0,24.801,24.93,24.893,25.049,25.022,25.145,25.156,25.242,25.43,25.456,25.419,25.563,25.644,25.606,25.724,25.884,25.788,25.83,25.772,25.889,25.82,25.74,25.948,25.974,25.868,25.868,25.878,25.809,25.82,25.761,25.814,25.74,25.601,25.526,25.585,25.521,25.488,25.467,25.349,25.355,25.194,25.172,25.247,25.108,25.006,0,0,0,0,0,0,0,0,0,0
0,0,0,0,0,0,0,0,0,0,0,0,0,24.623,24.758,24.72,24.769,24.979,25.119,25.06,25.156,25.226,25.312,25.253,25.451,25.729,25.617,25.617,25.601,25.804,25.654,25.772,25.761,25.82,25.676,25.82,25.74,25.745,25.644,25.681,25.622,25.772,25.772,25.515,25.542,25.542,25.547,25.451,25.333,25.253,25.328,25.301,25.199,25.167,25.06,25.14,24.974,24.904,0,0,0,0,0,0,0,0,0,0
0,0,0,0,0,0,0,0,0,0,0,0,0,0,24.817,24.855,24.914,24.92,24.974,24.979,25.156,25.156,25.199,25.188,25.451,25.44,25.44,25.617,25.526,25.542,25.681,25.734,25.777,25.67,25.67,25.708,25.628,25.595,25.606,25.414,25.483,25.446,25.553,25.563,25.424,25.344,25.221,25.371,25.344,25.188,25.188,25.108,25.06,25.011,25.06,25.086,24.979,24.823,0,0,0,0,0,0,0,0,0,0
0,0,0,0,0,0,0,0,0,0,0,0,0,0,24.483,24.656,24.834,24.968,24.839,24.764,25.07,25.167,25.151,25.328,25.376,25.339,25.274,25.505,25.505,25.446,25.494,25.558,25.633,25.59,25.633,25.547,25.644,25.531,25.451,25.692,25.472,25.451,25.387,25.521,25.381,25.237,25.28,25.221,25.178,25.022,25.038,25.033,25.092,24.753,25.006,24.694,24.699,0,0,0,0,0,0,0,0,0,0,0
0,0,0,0,0,0,0,0,0,0,0,0,0,0,0,24.591,24.823,24.769,24.823,24.764,24.807,25.049,24.979,25.124,25.167,25.328,25.29,25.371,25.29,25.43,25.339,25.478,25.456,25.638,25.371,25.521,25.521,25.371,25.349,25.435,25.43,25.322,25.355,25.258,25.328,25.21,25.28,25.221,25.129,25.017,24.941,24.855,24.887,24.861,24.812,24.764,24.607,0,0,0,0,0,0,0,0,0,0,0
0,0,0,0,0,0,0,0,0,0,0,0,0,0,0,24.591,24.607,24.715,24.537,24.623,24.78,24.817,24.947,25.065,24.995,25.081,25.183,25.221,25.344,25.167,25.108,25.462,25.355,25.44,25.306,25.392,25.44,25.344,25.178,25.221,25.285,25.14,25.145,25.226,25.242,25.038,24.995,24.984,24.898,24.882,24.791,24.85,24.71,24.704,24.672,24.586,0,0,0,0,0,0,0,0,0,0,0,0
0,0,0,0,0,0,0,0,0,0,0,0,0,0,0,0,24.526,24.44,24.542,24.559,24.742,24.72,24.72,24.947,24.893,24.904,24.92,25.194,25.156,25.156,25.167,25.215,25.312,25.365,25.129,25.29,25.194,25.108,25.07,25.237,25.215,24.99,25.145,25.038,25.027,24.925,24.941,24.861,24.726,24.683,24.796,24.796,24.596,24.618,24.613,24.478,0,0,0,0,0,0,0,0,0,0,0,0
0,0,0,0,0,0,0,0,0,0,0,0,0,0,0,0,0,24.375,24.261,24.445,24.478,24.683,24.694,24.672,24.844,24.769,24.839,24.974,24.861,24.861,24.936,25.21,25.188,25.156,25.065,25.247,25.081,25.027,25.07,24.995,25.043,25.054,25,24.963,24.871,24.812,24.812,24.742,24.758,24.542,24.596,24.569,24.634,24.386,24.44,0,0,0,0,0,0,0,0,0,0,0,0,0
0,0,0,0,0,0,0,0,0,0,0,0,0,0,0,0,0,0,24.18,24.375,24.321,24.515,24.386,24.618,24.65,24.607,24.634,24.925,24.974,24.747,24.817,25.049,24.877,24.839,25.081,24.984,25.006,25.006,25.049,25,24.866,24.963,24.877,24.893,24.839,24.758,24.839,24.672,24.461,24.494,24.521,24.461,24.472,24.267,24.272,0,0,0,0,0,0,0,0,0,0,0,0,0
0,0,0,0,0,0,0,0,0,0,0,0,0,0,0,0,0,0,0,0,24.218,24.288,24.326,24.478,24.526,24.515,24.424,24.769,24.823,24.699,24.817,24.877,24.807,24.785,24.947,24.855,24.861,24.807,24.904,24.909,24.715,24.683,24.661,24.855,24.855,24.758,24.645,24.532,24.537,24.375,24.542,24.386,24.25,24.25,0,0,0,0,0,0,0,0,0,0,0,0,0,0
0,0,0,0,0,0,0,0,0,0,0,0,0,0,0,0,0,0,0,0,0,0,24.131,24.418,24.337,24.397,24.424,24.429,24.488,24.467,24.715,24.753,24.548,24.602,24.796,24.591,24.715,24.629,24.71,24.602,24.71,24.58,24.667,24.688,24.44,24.564,24.488,24.461,24.321,24.31,24.342,24.164,0,0,0,0,0,0,0,0,0,0,0,0,0,0,0,0
0,0,0,0,0,0,0,0,0,0,0,0,0,0,0,0,0,0,0,0,0,0,0,0,24.11,24.191,24.364,24.288,24.413,24.359,24.505,24.451,24.353,24.461,24.688,24.613,24.569,24.58,24.65,24.688,24.58,24.618,24.559,24.499,24.315,24.38,24.315,24.337,24.115,24.31,0,0,0,0,0,0,0,0,0,0,0,0,0,0,0,0,0,0
0,0,0,0,0,0,0,0,0,0,0,0,0,0,0,0,0,0,0,0,0,0,0,0,0,0,0,24.305,24.25,24.153,24.38,24.337,24.429,24.402,24.424,24.461,24.564,24.456,24.564,24.521,24.532,24.386,24.569,24.31,24.391,24.38,24.158,24.164,0,0,0,0,0,0,0,0,0,0,0,0,0,0,0,0,0,0,0,0
0,0,0,0,0,0,0,0,0,0,0,0,0,0,0,0,0,0,0,0,0,0,0,0,0,0,0,0,0,0,0,0,0,0,0,0,0,0,0,0,0,0,0,0,0,0,0,0,0,0,0,0,0,0,0,0,0,0,0,0,0,0,0,0,0,0,0,0
