0,0,0,0,0,0,0,0,0,0,0,0,0,0,0,0,0,0,0,0,0,0,0,0,0,0,0,0,0,0,0,0,0,0,0,0,0,0,0,0,0,0,0,0,0,0,0,0,0,0,0,0,0,0,0,0,0,0,0,0,0,0,0,0,0,0,0
0,0,0,0,0,0,0,0,0,0,0,0,0,0,0,0,0,21.696,21.746,21.724,21.763,21.707,0,0,0,0,0,0,0,0,0,0,0,0,0,0,0,0,0,0,0,0,0,0,0,0,0,0,0,0,0,0,0,0,0,0,0,0,0,0,0,0,0,0,0,0,0
0,0,0,0,0,0,0,0,0,0,0,0,0,0,0,21.78,21.863,22.001,21.829,21.946,21.763,21.774,21.924,0,0,0,0,0,0,0,0,0,0,0,0,0,0,0,0,0,0,0,0,0,0,0,0,0,0,0,0,0,0,0,0,0,0,0,0,0,0,0,0,0,0,0,0
0,0,0,0,0,0,0,0,0,0,0,0,0,21.658,21.935,21.818,21.807,22.056,22.106,21.973,21.973,21.846,21.78,21.757,0,0,0,0,0,0,0,0,0,0,0,0,0,0,0,0,0,0,0,0,0,0,0,0,0,0,0,0,0,0,0,0,0,0,0,0,0,0,0,0,0,0,0
0,0,0,0,0,0,0,0,0,0,0,0,0,21.896,22.051,22.045,22.034,22.018,21.951,22.123,22.051,21.996,21.913,21.962,21.796,0,0,0,0,0,0,0,0,0,0,0,0,0,0,0,0,0,0,0,0,0,0,0,0,0,0,0,0,0,0,0,0,0,0,0,0,0,0,0,0,0,0
0,0,0,0,0,0,0,0,0,0,0,21.841,21.935,22.018,21.973,22.051,22.106,22.062,22.134,22.156,22.073,22.095,21.962,21.929,22.007,21.89,0,0,0,0,0,0,0,0,0,0,0,0,0,0,0,0,0,0,0,0,0,0,0,0,0,0,0,0,0,0,0,0,0,0,0,0,0,0,0,0,0
0,0,0,0,0,0,0,0,0,0,21.929,21.901,22.156,22.134,22.034,22.106,22.128,22.15,22.112,22.134,22.195,22.106,22.128,22.156,21.94,21.918,0,0,0,0,0,0,0,0,0,0,0,0,0,0,0,0,0,0,0,0,0,0,0,0,0,0,0,0,0,0,0,0,0,0,0,0,0,0,0,0,0
0,0,0,0,0,0,0,0,0,21.979,22.067,22.007,22.261,22.283,22.156,22.211,22.167,22.255,22.206,22.305,22.266,22.172,22.189,22.123,21.957,22.04,21.469,0,0,0,0,0,0,0,0,0,0,0,0,0,0,0,0,0,0,0,0,0,0,0,0,0,0,0,0,0,0,0,0,0,0,0,0,0,0,0,0
0,0,0,0,0,0,0,0,0,21.985,22.051,22.117,22.277,22.327,22.299,22.299,22.217,22.432,22.322,22.261,22.344,22.322,22.217,22.128,22.25,22.156,21.946,0,0,0,0,0,0,0,0,0,0,0,0,0,0,0,0,0,0,0,0,0,0,0,0,0,0,0,0,0,0,0,0,0,0,0,0,0,0,0,0
0,0,0,0,0,0,0,0,21.702,22.106,22.228,22.233,22.377,22.344,22.305,22.41,22.294,22.404,22.432,22.404,22.366,22.288,22.299,22.294,22.355,22.244,22.145,21.658,0,0,0,0,21.363,21.335,21.29,21.173,21.196,0,0,0,0,0,0,0,0,0,0,0,0,0,0,0,0,0,0,0,0,0,0,0,0,0,0,0,0,0,0
0,0,0,0,0,0,0,0,22.112,22.228,22.305,22.349,22.366,22.404,22.393,22.487,22.459,22.575,22.432,22.465,22.481,22.47,22.338,22.244,22.316,22.167,22.178,21.563,17.92,0,21.201,21.129,21.302,21.296,21.218,21.329,21.352,21.162,0,0,0,0,0,0,0,0,0,0,0,0,0,0,0,0,0,0,0,0,0,0,0,0,0,0,0,0,0
0,0,0,0,0,0,0,21.929,22.195,22.239,22.349,22.371,22.454,22.575,22.437,22.47,22.52,22.443,22.426,22.492,22.487,22.481,22.437,22.349,22.432,22.355,22.233,21.768,19.407,21.474,21.624,21.452,21.508,21.508,21.251,21.352,21.363,21.268,21.24,0,0,0,0,0,0,0,0,0,0,0,0,0,0,0,0,0,0,0,0,0,0,0,0,0,0,0,0
0,0,0,0,0,0,0,22.178,22.503,22.316,22.586,22.558,22.459,22.503,22.388,22.619,22.509,22.553,22.542,22.487,22.591,22.503,22.459,22.459,22.333,22.283,22.228,21.913,21.173,21.707,21.619,21.602,21.541,21.485,21.48,21.329,21.363,21.419,21.38,0,0,0,0,0,0,0,0,0,0,0,0,0,0,0,0,0,0,0,0,0,0,0,0,0,0,0,0
0,0,0,0,0,0,22.184,22.261,22.404,22.52,22.564,22.569,22.531,22.569,22.575,22.531,22.646,22.602,22.613,22.509,22.575,22.536,22.443,22.299,22.393,22.459,22.377,22.388,21.807,21.752,21.802,21.719,21.641,21.608,21.53,21.463,21.48,21.552,21.457,21.212,0,0,0,0,0,0,0,0,0,0,0,0,0,0,0,0,0,0,0,0,0,0,0,0,0,0,0
0,0,0,0,0,0,22.31,22.564,22.547,22.63,22.586,22.525,22.63,22.597,22.762,22.619,22.542,22.63,22.74,22.481,22.591,22.536,22.679,22.597,22.454,22.514,22.382,22.316,22.172,21.968,21.841,21.901,21.685,21.585,21.691,21.591,21.574,21.552,21.474,21.485,21.257,0,0,0,0,0,0,0,0,0,0,0,0,0,0,0,0,0,0,0,0,0,0,0,0,0,0
0,0,0,0,0,22.172,22.564,22.597,22.8,22.674,22.729,22.712,22.74,22.729,22.729,22.734,22.619,22.608,22.547,22.558,22.679,22.608,22.674,22.564,22.602,22.47,22.597,22.211,22.189,22.073,21.979,21.89,21.846,21.835,21.707,21.591,21.541,21.58,21.585,21.463,21.212,18.535,0,0,0,0,0,0,0,0,0,0,0,0,0,0,0,0,0,0,0,0,0,0,0,0,0
0,0,0,0,0,22.344,22.745,22.663,22.723,22.795,22.718,22.641,22.756,22.773,22.701,22.569,22.597,22.712,22.646,22.608,22.635,22.641,22.586,22.514,22.668,22.443,22.679,22.382,22.25,22.101,22.04,21.841,21.774,21.757,21.78,21.791,21.791,21.813,21.652,21.602,21.38,21.296,21.774,21.674,21.669,0,0,0,0,0,0,0,0,0,0,0,0,0,0,0,0,0,0,0,0,0,0
0,0,0,0,0,22.591,22.778,22.718,22.745,22.718,22.839,22.926,22.773,22.817,22.756,22.674,22.718,22.762,22.767,22.811,22.707,22.635,22.707,22.635,22.624,22.591,22.564,22.481,22.189,21.968,21.979,22.079,22.051,22.067,21.962,21.824,21.846,21.935,21.846,21.879,21.846,21.791,21.857,21.73,21.813,21.829,0,0,0,0,0,0,0,0,0,0,0,0,0,0,0,0,0,0,0,0,0
0,0,0,0,22.498,22.52,22.679,22.784,22.872,22.828,22.899,22.97,22.806,22.839,22.85,22.828,22.921,22.828,22.833,22.767,22.926,22.674,22.762,22.905,22.69,22.729,22.635,22.117,21.99,22.178,22.084,22.233,22.117,22.123,22.184,22.128,21.874,21.907,22.045,22.117,21.962,21.929,21.818,21.846,21.846,21.841,21.852,0,0,0,0,0,0,0,0,0,0,0,0,0,0,0,0,0,0,0,0
0,0,0,0,22.767,22.712,22.817,22.839,22.998,22.965,23.014,22.981,23.02,22.833,22.937,22.883,22.745,22.932,22.915,22.778,22.817,22.729,22.915,22.822,22.839,22.734,22.525,20.866,21.913,22.299,22.233,22.195,22.128,22.117,22.222,22.051,21.979,22.117,22.15,22.244,22.117,21.929,21.94,22.001,21.962,21.829,21.707,21.768,0,0,0,0,0,0,0,0,0,0,0,0,0,0,0,0,0,0,0
0,0,0,0,22.756,22.839,22.954,23.047,22.998,23.003,22.992,22.926,22.926,22.998,22.948,22.915,22.762,22.976,22.866,22.795,22.872,22.899,22.91,22.861,22.926,22.861,22.63,20.53,22.217,22.266,22.443,22.299,22.161,22.156,22.195,22.244,22.222,22.283,22.377,22.228,22.261,22.112,22.012,21.99,22.023,21.901,22.007,21.946,0,0,0,0,0,0,0,0,0,0,0,0,0,0,0,0,0,0,0
0,0,0,0,22.729,22.937,23.036,23.063,23.08,23.025,23.014,23.014,23.025,23.02,22.976,22.91,22.85,23.069,22.998,23.02,22.899,22.883,23.025,22.883,22.855,23.031,22.195,21.112,23.069,22.679,22.756,22.613,22.415,22.509,22.294,22.454,22.481,22.707,22.47,22.261,22.266,22.012,22.079,22.145,22.195,22.012,22.023,21.918,21.896,0,0,0,0,0,0,0,0,0,0,0,0,0,0,0,0,0,0
0,0,0,22.542,22.905,22.806,23.036,23.156,23.195,23.167,23.058,23.249,23.036,23.107,23.102,23.036,23.14,23.184,23.178,23.052,23.063,23.02,23.173,23.113,23.096,22.932,20.978,22.481,23.631,23.473,23.239,22.926,22.74,22.734,22.91,22.822,23.014,22.888,22.8,22.437,22.217,22.299,22.266,22.305,22.128,22.045,22.051,22.117,21.796,0,0,0,0,0,0,0,0,0,0,0,0,0,0,0,0,0,0
0,0,0,22.712,22.943,23.052,23.14,23.304,23.146,23.124,23.288,23.353,23.299,23.096,23.102,23.085,23.135,23.096,23.364,23.228,23.14,23.151,23.386,23.118,23.146,22.806,20.294,23.642,23.838,23.909,23.631,23.626,23.321,23.217,23.462,23.321,23.402,22.811,22.866,22.613,22.415,22.404,22.338,22.355,22.277,22.327,22.189,22.018,21.94,0,0,0,0,0,0,0,0,0,0,0,0,0,0,0,0,0,0
0,0,0,22.547,23.003,23.124,23.189,23.151,23.315,23.271,23.364,23.211,23.244,23.293,23.282,23.233,23.156,23.364,23.386,23.397,23.528,23.167,23.408,23.37,23.069,21.48,21.051,24.153,24.099,24.391,24.099,23.974,23.778,23.664,23.729,23.827,23.914,23.424,23.173,22.696,22.575,22.525,22.443,22.222,22.366,22.393,22.261,22.217,21.99,0,0,0,0,0,0,0,0,0,0,0,0,0,0,0,0,0,0
0,0,0,22.734,23.211,23.282,23.184,23.381,23.364,23.321,23.43,23.501,23.43,23.446,23.321,23.621,23.49,23.719,23.637,23.517,23.642,23.571,23.528,23.342,22.954,19.162,22.646,24.586,24.575,24.704,24.688,24.537,24.397,24.321,24.272,24.386,24.283,23.724,23.156,23.003,22.74,22.619,22.564,22.542,22.52,22.388,22.377,22.299,21.724,0,0,0,0,0,0,0,0,0,0,0,0,0,0,0,0,0,0
0,0,0,22.828,23.271,23.189,23.381,23.484,23.55,23.457,23.353,23.495,23.512,23.402,23.452,23.419,23.588,23.773,23.659,23.762,23.86,23.713,23.68,23.495,21.469,18.041,23.571,24.629,24.861,24.855,24.774,24.828,24.737,24.656,24.613,24.737,24.747,23.941,23.457,23.124,22.8,22.756,22.569,22.575,22.492,22.657,22.531,22.536,21.508,19.009,0,0,0,0,0,0,0,0,0,0,0,0,0,0,0,0,0
0,0,0,22.861,23.43,23.424,23.462,23.621,23.626,23.621,23.664,23.751,23.827,23.876,23.762,23.816,23.67,23.893,23.729,23.909,23.865,23.827,23.822,23.118,18.127,17.765,23.947,24.92,24.979,25.049,25.097,24.925,24.866,24.855,24.941,24.952,24.807,23.985,23.577,23.222,23.085,22.894,22.619,22.679,22.613,22.734,22.965,23.091,22.641,22.514,22.388,21.134,0,0,0,0,0,0,0,0,0,0,0,0,0,0,0
0,0,0,22.773,23.506,23.462,23.691,23.719,23.762,23.822,23.778,23.871,23.816,23.811,23.947,23.865,23.795,23.958,23.947,24.126,24.131,24.017,23.99,21.296,0,18.598,24.397,25.011,25.129,25.162,25.253,25.237,25.119,25.054,25.086,24.893,24.667,23.539,23.941,23.806,23.381,23.091,22.926,22.806,22.63,23.173,23.321,22.976,22.877,22.817,22.745,22.525,21.824,0,0,0,0,0,0,0,0,0,0,0,0,0,0
0,0,0,22.789,23.381,23.691,23.702,23.806,23.985,23.958,23.909,23.914,23.936,23.996,23.947,24.077,24.077,24.104,24.072,24.169,24.332,24.196,23.441,18.426,0,19.384,24.553,25.28,25.371,25.424,25.365,25.221,25.285,25.328,25.258,25.312,23.844,24.196,24.397,24.158,23.865,23.37,23.135,22.97,23.096,23.364,23.222,23.025,23.042,22.937,22.943,22.674,22.635,22.161,0,0,0,0,0,0,0,0,0,0,0,0,0
0,0,0,22.998,23.484,23.784,23.871,23.925,23.947,24.099,23.985,24.055,24.11,24.131,23.947,24.082,24.072,24.234,24.294,24.337,24.586,24.283,21.519,0,0,19.877,24.909,25.515,25.579,25.617,25.488,25.542,25.51,25.456,25.547,25.306,23.675,24.93,24.737,24.726,24.418,23.925,23.713,23.8,23.381,23.293,23.184,23.058,23.003,23.009,22.915,22.822,22.734,22.613,21.824,0,0,0,0,0,0,0,0,0,0,0,0
0,0,0,23.211,23.865,23.914,24.12,24.023,24.191,24.185,24.115,24.278,24.11,24.315,24.299,24.25,24.288,24.586,24.478,24.677,24.855,24.267,19.43,0,0,20.091,25.178,25.387,25.531,25.638,25.649,25.633,25.628,25.574,25.547,25,23.811,25.006,25.102,25.108,24.844,24.667,24.342,23.974,23.599,23.43,23.271,23.085,23.26,23.025,22.872,22.822,22.718,22.641,22.443,0,0,0,0,0,0,0,0,0,0,0,0
0,0,0,23.239,23.893,24.126,24.158,24.25,24.342,24.288,24.283,24.305,24.413,24.467,24.413,24.348,24.532,24.51,24.817,24.898,24.99,24.672,0,0,15.977,21.196,25.339,25.777,25.846,25.724,25.745,25.729,25.638,25.601,25.611,24.742,24.456,25.505,25.258,25.365,25.231,24.855,24.677,24.332,23.8,23.533,23.419,23.402,23.167,23.036,22.992,22.888,22.74,22.701,22.729,21.785,0,0,0,0,0,0,0,0,0,0,0
0,0,0,23.304,24.028,24.332,24.288,24.38,24.451,24.483,24.467,24.478,24.483,24.434,24.548,24.494,24.526,24.51,24.904,25.199,25.306,25.011,19.288,0,16.276,22.04,25.44,25.836,25.852,25.745,25.809,25.777,25.761,25.772,25.836,24.957,25.097,25.734,25.665,25.387,25.563,25.237,24.936,24.191,23.68,23.484,23.457,23.321,23.304,23.375,23.14,23.113,22.91,22.866,22.729,22.481,0,0,0,0,0,0,0,0,0,0,0
0,0,0,23.566,24.104,24.332,24.407,24.402,24.58,24.586,24.613,24.634,24.483,24.564,24.688,24.629,24.764,24.699,25.167,25.301,25.521,25.312,20.057,17.012,16.563,22.007,25.419,26.001,25.82,25.724,25.793,25.873,25.75,25.782,26.028,25.296,25.686,25.985,25.91,25.734,25.638,25.424,25.033,24.467,23.941,23.713,23.435,23.375,23.381,23.304,23.249,23.151,23.107,22.987,22.959,22.69,21.424,21.508,21.852,0,0,0,0,0,0,0,0
0,0,0,23.757,24.283,24.505,24.629,24.596,24.645,24.623,24.731,24.629,24.72,24.801,24.764,24.764,24.974,25.033,25.129,25.478,25.681,25.756,22.261,18.053,16.983,22.465,25.494,25.852,25.83,25.852,25.9,25.868,25.868,25.761,25.814,26.001,26.033,26.017,26.075,26.086,25.905,25.798,25.633,25.43,24.634,24.077,23.871,23.621,23.495,23.392,23.413,23.364,23.003,22.937,22.943,22.97,22.734,22.47,22.437,22.266,0,0,0,0,0,0,0
0,0,0,21.179,23.86,24.451,24.618,24.65,24.602,24.64,24.704,24.764,24.807,24.882,24.887,24.844,24.855,25.097,25.221,25.102,25.221,25.355,25.36,24.413,21.763,20.547,23.947,25.574,25.75,25.83,25.766,25.836,25.809,25.793,25.788,25.825,25.969,26.017,25.98,26.075,25.878,25.804,25.793,25.622,24.85,24.418,23.979,23.903,23.593,23.577,23.544,23.397,23.375,23.151,22.987,22.937,22.817,22.591,22.426,22.371,22.255,0,0,0,0,0,0
0,0,0,22.233,24.142,24.607,24.688,24.85,24.925,24.963,24.936,24.882,25.038,24.968,24.941,25.006,25.065,25.113,25.156,25.135,25.054,25.306,25.263,25.371,25.344,25.494,25.424,25.665,25.756,25.82,25.66,25.798,25.756,25.649,25.686,25.777,25.579,25.836,25.889,25.809,25.894,25.889,25.857,25.809,25.333,24.963,24.278,23.969,23.8,23.664,23.582,23.517,23.31,23.173,23.042,22.822,22.531,22.52,22.547,22.514,22.239,0,0,0,0,0,0
0,0,0,23.277,24.38,24.742,24.807,24.979,24.947,24.893,25.033,25.011,24.984,24.947,25.049,25.06,24.984,24.957,24.984,25.081,25.14,25.221,25.247,25.21,25.339,25.36,25.537,25.617,25.606,25.692,25.585,25.515,25.579,25.777,25.676,25.595,25.622,25.644,25.798,25.804,25.788,25.777,25.873,25.958,25.798,25.36,24.747,24.305,24.115,23.898,23.593,23.648,23.659,23.255,22.888,23.014,22.701,22.52,22.569,22.437,22.476,22.277,0,0,0,0,0
0,0,0,23.795,24.607,24.941,24.925,25.011,25.054,24.947,24.995,24.995,24.898,25.017,25.017,24.99,24.99,25.038,24.984,24.984,25,25.253,25.231,25.247,25.242,25.328,25.339,25.424,25.558,25.542,25.499,25.702,25.611,25.611,25.563,25.611,25.595,25.617,25.606,25.676,25.697,25.745,25.862,25.948,26.033,25.777,25.086,24.715,24.483,24.272,23.914,24.045,23.795,23.211,23.107,22.998,22.839,22.564,22.701,22.591,22.498,22.448,0,0,0,0,0
0,0,0,24.283,24.661,24.941,24.936,25.011,24.979,25.033,25.043,24.952,25.092,25.027,24.93,24.974,24.898,24.957,24.93,24.963,24.974,25.183,25.043,25.237,25.242,25.339,25.328,25.44,25.435,25.488,25.456,25.505,25.579,25.515,25.611,25.585,25.43,25.569,25.483,25.526,25.59,25.772,25.798,25.9,26.001,26.07,25.628,25.274,25.054,24.769,24.704,24.564,23.985,23.299,23.184,22.976,22.948,22.745,22.773,22.668,22.619,22.558,22.426,0,0,0,0
0,0,0,24.51,24.893,25.065,25.097,25.081,25.076,25.043,24.963,25.043,25.124,24.855,24.909,24.887,24.882,24.974,24.957,24.941,25.049,25.049,25.092,25.129,25.301,25.242,25.258,25.296,25.499,25.526,25.515,25.601,25.569,25.515,25.467,25.494,25.579,25.633,25.499,25.611,25.558,25.633,25.75,25.804,26.091,26.033,25.878,25.729,25.66,25.344,25.033,25.167,24.164,23.642,23.315,23.146,22.987,22.91,22.652,22.646,22.701,22.437,22.498,0,0,0,0
0,0,0,24.688,24.893,24.99,25.092,25.172,25.081,25.108,25.102,24.984,24.995,25.033,25.017,25.006,25.011,24.984,25.017,25.092,24.99,25.086,25.086,25.237,25.285,25.285,25.322,25.392,25.317,25.505,25.494,25.617,25.601,25.595,25.563,25.553,25.537,25.424,25.547,25.569,25.483,25.638,25.574,25.777,25.862,25.729,25.884,25.841,25.75,25.718,25.654,25.263,24.424,23.675,23.288,23.167,23.025,23.02,22.959,22.811,22.839,22.822,22.668,0,0,0,0
0,0,0,24.909,25.022,25.092,25.14,25.151,25.108,25.129,25.081,24.92,25.124,24.861,24.974,25.038,24.995,24.947,25.033,25.07,25.027,25.237,25.194,25.199,25.199,25.333,25.242,25.376,25.371,25.483,25.585,25.537,25.51,25.483,25.51,25.553,25.537,25.505,25.467,25.547,25.574,25.611,25.713,25.628,25.793,25.617,25.793,25.788,25.878,25.868,25.777,25.825,24.817,23.925,23.68,23.321,23.195,23.14,23.08,22.943,22.921,22.8,22.839,22.454,0,0,0
0,0,0,25.033,25.135,25.21,25.108,25.231,25.129,25.194,25.011,24.974,24.974,24.995,24.995,25.006,25.022,25.027,25.108,25.043,25.033,25.145,25.204,25.408,25.231,25.392,25.419,25.44,25.494,25.521,25.472,25.515,25.483,25.531,25.494,25.499,25.537,25.606,25.547,25.66,25.708,25.579,25.644,25.558,25.601,25.628,25.606,25.622,25.798,25.734,25.836,25.857,25.07,24.104,23.67,23.626,23.337,23.293,23.162,22.97,23.129,23.009,22.833,22.773,0,0,0
0,0,0,24.893,25.06,25.21,25.242,25.076,25.145,25.135,25.102,25.06,25.113,25.113,25.081,25.172,25.102,25.038,25.049,25.188,25.119,25.344,25.226,25.43,25.36,25.44,25.43,25.478,25.638,25.499,25.585,25.606,25.574,25.51,25.644,25.579,25.419,25.553,25.579,25.601,25.595,25.67,25.585,25.601,25.569,25.526,25.601,25.542,25.569,25.553,25.985,26.001,25.312,24.456,23.893,23.708,23.561,23.331,23.167,23.26,23.162,22.866,22.91,22.855,0,0,0
0,0,0,25.156,25.124,25.274,25.242,25.231,25.301,25.145,25.14,25.049,25.097,25.011,25.097,25.017,25.017,25.006,25.097,25.226,25.301,25.285,25.269,25.376,25.328,25.526,25.446,25.483,25.488,25.467,25.611,25.542,25.638,25.595,25.515,25.558,25.569,25.574,25.686,25.633,25.59,25.617,25.595,25.59,25.531,25.521,25.611,25.628,25.595,25.547,25.788,26.07,25.713,24.742,24.25,24.045,23.708,23.615,23.381,23.173,23.266,23.14,23.135,22.976,0,0,0
0,0,24.78,25.183,25.145,25.231,25.269,25.199,25.194,25.14,25.194,25.221,25.178,25.102,25.129,25.102,25.076,25.033,25.253,25.451,25.274,25.521,25.499,25.478,25.446,25.451,25.601,25.638,25.633,25.606,25.702,25.686,25.638,25.649,25.686,25.633,25.553,25.654,25.483,25.563,25.622,25.654,25.628,25.558,25.611,25.601,25.483,25.483,25.59,25.515,25.611,25.67,25.788,25.162,24.623,24.104,23.849,23.697,23.561,23.506,23.468,23.282,23.271,23.151,0,0,0
0,0,24.963,25.328,25.263,25.322,25.344,25.269,25.387,25.199,25.274,25.145,25.113,25.199,25.188,25.204,25.113,25.204,25.221,25.306,25.312,25.494,25.494,25.494,25.59,25.515,25.456,25.595,25.617,25.601,25.574,25.729,25.622,25.713,25.66,25.74,25.59,25.681,25.66,25.692,25.537,25.606,25.579,25.59,25.488,25.606,25.553,25.601,25.531,25.483,25.67,25.814,25.985,25.537,25.076,24.623,24.126,23.822,23.816,23.642,23.397,23.304,23.31,23.107,0,0,0
0,0,24.904,25.06,25.274,25.306,25.333,25.376,25.322,25.344,25.215,25.263,25.269,25.065,25.355,25.14,25.194,25.183,25.317,25.414,25.435,25.488,25.488,25.515,25.569,25.611,25.702,25.745,25.697,25.697,25.665,25.644,25.74,25.713,25.67,25.67,25.665,25.676,25.713,25.633,25.649,25.665,25.67,25.494,25.644,25.558,25.644,25.488,25.51,25.531,25.697,25.553,25.814,25.734,25.355,25.178,24.559,24.429,24.305,23.811,23.849,23.512,23.571,23.249,0,0,0
0,0,25.14,25.36,25.237,25.344,25.446,25.247,25.328,25.328,25.247,25.263,25.274,25.194,25.226,25.183,25.151,25.322,25.381,25.397,25.526,25.611,25.547,25.601,25.686,25.756,25.67,25.825,25.868,25.782,25.825,25.841,25.782,25.718,25.74,25.772,25.713,25.772,25.724,25.756,25.702,25.713,25.611,25.622,25.574,25.542,25.558,25.558,25.569,25.531,25.537,25.483,25.563,25.681,25.563,25.462,25.011,24.683,24.407,24.31,24.034,23.92,23.544,23.293,0,0,0
0,0,25.204,25.387,25.322,25.419,25.43,25.462,25.462,25.333,25.296,25.274,25.29,25.301,25.29,25.269,25.322,25.349,25.376,25.499,25.611,25.67,25.59,25.67,25.702,25.772,25.814,25.894,25.761,25.862,25.937,25.932,25.873,25.846,25.857,25.665,25.681,25.74,25.948,25.793,25.686,25.654,25.633,25.601,25.547,25.537,25.51,25.483,25.574,25.483,25.526,25.563,25.59,25.585,25.601,25.574,25.301,25.151,24.699,24.299,24.31,24.045,23.914,23.533,0,0,0
0,0,25.349,25.44,25.488,25.446,25.563,25.456,25.392,25.478,25.365,25.317,25.317,25.349,25.237,25.312,25.312,25.403,25.505,25.729,25.563,25.697,25.745,25.697,25.724,25.862,25.91,25.942,26.001,26.049,26.038,25.969,25.996,25.83,25.884,25.985,25.916,25.985,25.889,25.782,25.649,25.926,25.782,25.718,25.702,25.734,25.595,25.644,25.563,25.526,25.462,25.472,25.371,25.371,25.505,25.51,25.397,25.392,25.113,24.817,24.591,24.288,23.936,23.457,0,0,0
0,25.017,25.36,25.585,25.494,25.51,25.478,25.574,25.376,25.488,25.349,25.424,25.462,25.51,25.274,25.488,25.462,25.467,25.611,25.702,25.681,25.841,25.836,25.82,25.926,26.006,25.953,25.942,25.99,26.086,25.91,25.985,26.049,26.017,26.001,25.98,25.958,25.905,25.937,25.9,25.809,25.724,25.66,25.756,25.713,25.638,25.51,25.579,25.611,25.601,25.569,25.542,25.365,25.43,25.478,25.558,25.424,25.414,25.145,24.855,24.764,24.58,24.207,23.337,0,0,0
0,25.215,25.547,25.44,25.563,25.574,25.611,25.505,25.424,25.515,25.472,25.478,25.563,25.387,25.494,25.467,25.462,25.563,25.579,25.729,25.814,25.692,25.846,25.75,26.022,25.964,25.969,26.006,26.145,25.996,26.06,25.996,26.118,26.044,26.075,26.044,26.028,26.054,25.996,26.006,25.98,25.942,25.782,25.788,25.761,25.772,25.66,25.617,25.718,25.381,25.606,25.467,25.451,25.397,25.392,25.419,25.215,25.113,25.07,25.06,25.011,24.618,24.342,23.452,0,0,0
0,25.199,25.446,25.595,25.542,25.542,25.547,25.59,25.574,25.606,25.595,25.521,25.574,25.499,25.44,25.515,25.515,25.606,25.793,25.83,25.729,25.9,25.825,26.006,26.123,26.102,26.075,26.177,26.166,26.118,26.193,26.198,26.219,26.028,26.161,26.097,26.012,25.948,25.953,25.98,25.932,25.868,25.852,25.878,25.649,25.708,25.665,25.601,25.692,25.553,25.633,25.43,25.467,25.424,25.29,25.178,25.124,25.038,25.178,25.049,25.108,24.941,24.478,23.746,0,0,0
0,25.274,25.595,25.622,25.638,25.601,25.628,25.644,25.644,25.681,25.569,25.553,25.595,25.654,25.483,25.665,25.601,25.708,25.708,25.782,25.788,25.83,25.921,26.075,26.097,26.081,26.07,26.15,26.193,26.278,26.155,26.283,26.113,26.134,25.98,26.06,26.086,26.118,26.102,25.958,25.969,25.985,25.964,25.692,25.798,25.793,25.793,25.862,25.67,25.595,25.542,25.446,25.462,25.456,25.269,25.424,25.167,25.102,25.038,25.097,24.979,24.979,24.753,24.066,0,0,0
0,25.274,25.526,25.681,25.628,25.67,25.66,25.708,25.644,25.686,25.622,25.569,25.798,25.686,25.617,25.681,25.574,25.724,25.814,25.745,25.836,25.953,26.033,26.054,26.293,26.134,26.198,26.224,26.299,26.325,26.315,26.299,26.325,26.304,26.134,26.23,26.161,26.145,26.145,26.134,26.044,26.07,25.932,25.708,25.809,25.836,25.745,25.788,25.692,25.617,25.547,25.462,25.414,25.462,25.226,25.269,25.204,25.188,25.162,25.065,24.979,24.936,24.726,24.31,0,0,0
0,25.344,25.59,25.777,25.708,25.804,25.788,25.563,25.697,25.74,25.74,25.638,25.761,25.718,25.702,25.681,25.766,25.66,25.804,25.942,26.028,26.208,26.081,26.166,26.293,26.123,26.325,26.437,26.474,26.453,26.389,26.331,26.347,26.384,26.24,26.315,26.23,26.24,26.113,26.139,25.98,26.102,25.974,26.022,25.905,25.809,25.814,25.788,25.852,25.638,25.692,25.563,25.424,25.301,25.317,25.312,25.231,25.162,25.06,25.194,24.979,25.092,24.764,24.342,0,0,0
0,25.355,25.654,25.702,25.718,25.761,25.74,25.798,25.734,25.734,25.756,25.809,25.782,25.75,25.777,25.809,25.761,25.793,25.873,25.985,25.969,26.134,26.113,26.15,26.23,26.278,26.32,26.4,26.394,26.543,26.474,26.495,26.522,26.437,26.447,26.347,26.378,26.214,26.214,26.278,26.203,26.06,26.038,26.091,25.9,25.766,25.782,25.873,25.772,25.676,25.515,25.547,25.563,25.414,25.296,25.215,25.188,25.129,25.145,24.995,25.049,24.979,24.742,24.694,0,0,0
0,25.339,25.644,25.724,25.761,25.836,25.868,25.825,25.793,25.852,25.868,25.841,25.697,25.804,25.761,25.814,25.83,25.852,25.937,26.028,26.044,26.24,26.198,26.161,26.293,26.246,26.49,26.41,26.495,26.532,26.575,26.537,26.537,26.5,26.416,26.357,26.219,26.384,26.352,26.325,26.251,26.091,25.953,26.081,26.113,25.942,26.001,26.033,25.884,25.766,25.724,25.558,25.553,25.414,25.376,25.306,25.183,25.151,25.097,25.027,25.065,25.043,24.898,24.807,0,0,0
0,25.414,25.67,25.825,25.75,25.857,25.772,25.916,25.894,25.873,25.798,25.894,25.884,25.862,25.756,25.841,25.793,25.857,26.049,26.097,26.129,26.139,26.304,26.251,26.262,26.453,26.341,26.453,26.522,26.527,26.628,26.537,26.5,26.638,26.548,26.352,26.49,26.389,26.368,26.272,26.278,26.309,26.182,26.086,26.118,25.969,26.054,26.044,25.953,25.734,25.67,25.681,25.579,25.424,25.387,25.333,25.306,25.21,25.167,25.092,24.909,24.995,25.006,24.952,0,0,0
0,25.456,25.579,25.83,25.974,25.9,25.926,25.948,25.9,25.846,25.942,25.846,25.9,25.964,25.916,25.905,25.82,25.964,26.006,26.113,26.075,26.15,26.389,26.4,26.463,26.484,26.575,26.765,26.813,26.675,26.68,26.686,26.606,26.569,26.575,26.543,26.548,26.458,26.421,26.224,26.32,26.203,26.251,26.134,26.123,26.054,26.022,26.006,25.814,25.873,25.873,25.756,25.702,25.686,25.558,25.414,25.376,25.301,25.172,25.237,25.129,25.065,25.065,25,25,0,0
0,0,25.424,25.505,25.91,25.868,25.873,25.932,25.969,25.884,25.91,25.926,25.953,25.9,25.969,26.001,25.953,26.044,26.044,26.086,26.161,26.118,26.278,26.32,26.453,26.437,26.532,26.612,26.601,26.755,26.707,26.744,26.702,26.675,26.654,26.553,26.58,26.368,26.463,26.41,26.484,26.272,26.193,26.123,26.134,26.198,26.075,26.065,26.022,25.996,25.969,25.836,25.74,25.649,25.451,25.397,25.451,25.328,25.328,25.301,25.129,25.027,25.017,25.113,25.086,0,0
0,0,25.371,25.9,25.99,25.937,25.937,25.91,26.001,25.921,26.006,25.932,26.001,26.022,25.942,26.028,26.06,25.99,26.033,26.139,26.293,26.272,26.272,26.41,26.479,26.543,26.575,26.643,26.765,26.765,26.76,26.792,26.712,26.744,26.723,26.712,26.537,26.575,26.474,26.437,26.384,26.405,26.293,26.198,26.134,26.171,26.24,26.118,26.038,26.022,26.033,25.734,25.804,25.67,25.595,25.467,25.505,25.397,25.183,25.172,25.226,25.145,25.167,25.108,25.119,0,0
0,0,25.387,25.884,25.772,25.953,26.07,25.942,26.012,25.964,26.028,26.107,26.171,26.001,26.012,26.044,26.054,26.012,26.086,26.246,26.171,26.278,26.394,26.484,26.458,26.622,26.649,26.749,26.797,26.807,26.818,26.86,26.807,26.818,26.776,26.733,26.606,26.453,26.622,26.516,26.416,26.336,26.272,26.283,26.193,26.166,26.182,26.139,26.028,25.996,25.9,25.873,25.889,25.665,25.595,25.542,25.435,25.322,25.333,25.221,25.253,25.135,25.21,25.086,25.043,0,0
0,0,25.119,25.697,25.958,26.129,25.99,25.985,25.98,26.049,26.022,26.065,26.145,26.097,26.081,26.086,26.012,26.102,26.017,26.214,26.267,26.331,26.442,26.458,26.437,26.59,26.712,26.797,26.818,26.818,26.839,26.871,26.866,26.823,26.712,26.755,26.686,26.543,26.617,26.596,26.617,26.516,26.458,26.278,26.32,26.246,26.208,26.118,26.086,26.182,25.884,25.916,25.857,25.676,25.692,25.644,25.488,25.456,25.333,25.296,25.29,25.194,25.199,25.167,25.172,0,0
0,0,0,26.07,26.049,26.203,26.102,26.171,26.113,26.091,26.091,26.113,26.102,26.028,26.113,26.06,26.118,26.171,26.288,26.405,26.283,26.378,26.426,26.575,26.511,26.67,26.755,26.871,26.786,26.844,26.892,26.955,26.85,26.792,26.77,26.77,26.802,26.717,26.797,26.537,26.41,26.511,26.384,26.41,26.331,26.426,26.182,26.134,26.06,26.118,26.012,26.075,25.825,25.702,25.814,25.633,25.494,25.537,25.515,25.301,25.296,25.408,25.215,25.231,25.145,25.097,0
0,0,0,25.921,26.075,26.256,26.214,26.166,26.23,26.107,26.256,26.177,26.166,26.049,26.022,26.155,26.145,26.23,26.299,26.336,26.368,26.516,26.606,26.559,26.76,26.749,26.834,26.818,26.955,26.934,26.961,26.998,26.95,26.834,26.871,26.818,26.776,26.765,26.781,26.659,26.548,26.527,26.463,26.336,26.347,26.347,26.283,26.23,26.15,26.086,26.065,26.001,25.873,25.862,25.777,25.66,25.601,25.51,25.515,25.371,25.344,25.317,25.215,25.226,25.221,25.204,0
0,0,0,25.857,26.203,26.065,26.246,26.246,26.262,26.203,26.235,26.166,26.246,26.086,26.304,26.219,26.272,26.23,26.357,26.389,26.416,26.559,26.479,26.628,26.702,26.871,26.924,26.998,27.05,27.029,27.056,27.013,27.003,26.924,26.908,26.913,26.807,26.887,26.755,26.76,26.559,26.612,26.394,26.553,26.362,26.331,26.251,26.097,26.187,26.118,25.905,26.033,25.905,25.878,25.798,25.654,25.606,25.606,25.424,25.494,25.435,25.376,25.408,25.247,25.322,25.167,0
0,0,0,25.862,26.23,26.161,26.224,26.251,26.293,26.203,26.177,26.097,26.293,26.267,26.208,26.442,26.267,26.373,26.352,26.506,26.484,26.622,26.58,26.649,26.776,26.717,26.881,26.966,26.929,27.219,27.024,27.145,26.992,26.924,26.992,26.95,26.908,26.781,26.739,26.792,26.665,26.585,26.622,26.559,26.373,26.331,26.283,26.368,26.262,26.102,26.006,25.937,25.942,25.921,25.788,25.836,25.756,25.649,25.537,25.312,25.51,25.531,25.381,25.312,25.349,25.221,0
0,0,0,0,26.044,26.182,26.32,26.288,26.304,26.378,26.309,26.272,26.23,26.299,26.278,26.357,26.384,26.362,26.463,26.569,26.484,26.649,26.638,26.749,26.733,26.887,26.971,27.124,27.14,27.103,27.14,27.103,27.114,27.019,27.003,26.976,27.019,26.902,26.749,26.728,26.76,26.749,26.691,26.569,26.463,26.357,26.262,26.267,26.187,26.113,26.065,26.001,25.942,25.9,25.99,25.82,25.82,25.724,25.66,25.681,25.435,25.435,25.365,25.392,25.274,25.113,0
0,0,0,0,25.942,26.267,26.362,26.41,26.373,26.431,26.458,26.368,26.416,26.341,26.331,26.431,26.458,26.352,26.394,26.569,26.559,26.67,26.818,26.871,26.902,27.013,26.913,27.05,27.229,27.082,27.145,27.198,27.135,27.103,27.029,27.008,27.14,26.966,26.881,26.866,26.765,26.686,26.728,26.59,26.5,26.41,26.421,26.278,26.315,26.118,26.113,26.107,26.038,26.001,25.964,25.889,25.852,25.67,25.633,25.697,25.601,25.499,25.392,25.424,25.247,25.172,0
0,0,0,0,25.841,26.198,26.341,26.325,26.431,26.416,26.357,26.495,26.426,26.5,26.553,26.537,26.527,26.49,26.67,26.643,26.755,26.802,26.866,26.855,26.987,27.061,27.145,27.066,27.135,27.224,27.203,27.382,27.298,27.145,27.266,27.171,27.119,27.103,26.998,26.955,26.85,26.717,26.696,26.691,26.479,26.389,26.378,26.357,26.182,26.123,26.123,26.049,25.884,25.841,25.766,25.932,25.862,25.782,25.777,25.574,25.617,25.537,25.414,25.414,25.43,25.247,0
0,0,0,0,25.702,26.373,26.368,26.405,26.559,26.585,26.596,26.612,26.612,26.49,26.638,26.638,26.5,26.548,26.739,26.739,26.807,26.728,26.955,26.802,26.945,27.14,27.214,27.266,27.314,27.335,27.356,27.324,27.403,27.308,27.277,27.335,27.103,27.119,26.876,26.924,26.961,26.902,26.728,26.596,26.596,26.421,26.416,26.288,26.325,26.214,26.203,26.049,26.028,25.974,25.905,25.852,25.841,25.772,25.868,25.601,25.606,25.649,25.462,25.43,25.387,25.247,0
0,0,0,0,0,26.161,26.474,26.479,26.686,26.633,26.765,26.675,26.643,26.712,26.654,26.569,26.606,26.649,26.654,26.712,26.876,26.987,27.003,27.15,27.187,27.187,27.177,27.324,27.414,27.498,27.435,27.513,27.277,27.319,27.335,27.329,27.319,27.319,27.103,27.156,27.056,27.04,26.871,26.786,26.633,26.606,26.378,26.4,26.315,26.283,26.118,26.102,26.06,26.091,26.006,25.894,25.857,25.809,25.654,25.628,25.59,25.644,25.499,25.499,25.488,25.199,0
0,0,0,0,0,26.315,26.421,26.559,26.712,26.728,26.712,26.728,26.792,26.781,26.696,26.733,26.686,26.765,26.876,26.881,26.887,26.987,27.066,26.95,27.187,27.129,27.272,27.435,27.545,27.55,27.671,27.466,27.466,27.466,27.282,27.319,27.198,27.214,27.261,27.129,27.024,26.939,26.913,26.712,26.786,26.601,26.559,26.437,26.405,26.161,26.198,26.118,26.06,26.086,25.873,25.921,25.894,25.814,25.814,25.649,25.665,25.67,25.515,25.537,25.376,25.258,0
0,0,0,0,0,25.814,26.389,26.575,26.596,26.749,26.876,26.781,26.844,26.749,26.675,27.008,26.696,26.855,26.844,27.066,27.05,27.208,27.161,27.24,27.335,27.403,27.492,27.329,27.618,27.534,27.618,27.618,27.702,27.576,27.576,27.54,27.566,27.345,27.229,27.092,27.108,26.955,27.045,26.77,26.638,26.654,26.564,26.506,26.362,26.368,26.251,26.134,26.235,26.081,25.974,26.022,25.969,25.948,25.878,25.686,25.702,25.526,25.531,25.526,25.521,25.247,0
0,0,0,0,0,0,26.442,26.659,26.691,26.887,26.887,26.807,26.881,26.887,26.913,26.908,26.839,26.802,26.913,27.193,27.161,27.266,27.256,27.293,27.445,27.477,27.634,27.66,27.624,27.723,27.702,27.728,27.671,27.603,27.707,27.592,27.513,27.287,27.366,27.235,27.177,27.14,27.003,27.034,26.797,26.638,26.532,26.527,26.405,26.49,26.304,26.23,26.182,26.23,26.139,25.916,25.932,25.857,25.788,25.713,25.558,25.617,25.478,25.408,25.381,25.237,0
0,0,0,0,0,0,26.208,26.458,26.649,27.087,27.087,27.066,26.95,27.103,27.019,26.866,27.082,26.982,27.119,27.25,27.356,27.382,27.329,27.545,27.613,27.702,27.655,27.797,27.833,27.817,27.927,27.865,27.833,27.707,27.77,27.723,27.545,27.477,27.387,27.377,27.387,27.14,26.971,26.929,26.818,26.776,26.654,26.553,26.537,26.516,26.336,26.347,26.145,26.091,26.113,25.958,25.99,25.937,25.878,25.841,25.697,25.681,25.595,25.644,25.392,25.011,0
0,0,0,0,0,0,25.633,26.463,26.802,26.955,27.145,27.124,27.103,27.024,27.161,27.045,27.145,27.135,27.303,27.482,27.482,27.503,27.655,27.776,27.828,27.891,27.854,27.974,28.016,27.969,28.021,28.074,27.995,27.87,27.807,27.776,27.718,27.545,27.366,27.371,27.366,27.193,27.14,27.003,26.728,26.77,26.622,26.643,26.474,26.5,26.495,26.283,26.288,26.193,26.246,25.996,25.985,25.926,25.889,25.846,25.628,25.686,25.601,25.403,25.467,25.306,0
0,0,0,0,0,0,0,26.198,26.733,26.945,27.077,27.05,27.145,27.171,27.177,27.282,27.398,27.366,27.456,27.503,27.624,27.671,27.718,27.807,27.906,27.823,27.948,27.995,28.126,27.99,28.163,28.142,28.089,28.032,27.87,27.802,27.896,27.634,27.582,27.414,27.377,27.361,27.024,26.992,27.103,26.876,26.749,26.728,26.628,26.564,26.516,26.447,26.272,26.214,26.214,26.075,25.926,25.852,25.846,25.836,25.777,25.622,25.585,25.44,25.419,25.172,0
0,0,0,0,0,0,0,25.889,26.739,26.829,27.245,27.114,27.235,27.293,27.182,27.35,27.356,27.508,27.618,27.634,27.828,27.786,27.985,28.021,28.011,28.136,28.126,28.173,28.209,28.267,28.241,28.157,28.152,27.99,28.021,27.755,27.786,27.629,27.639,27.618,27.387,27.135,27.187,27.214,27.024,26.929,26.913,26.686,26.617,26.659,26.511,26.4,26.315,26.315,26.193,26.102,26.06,25.841,25.82,25.793,25.633,25.788,25.649,25.43,25.531,25.145,0
0,0,0,0,0,0,0,25.515,26.405,27.034,27.008,27.129,27.298,27.398,27.424,27.424,27.477,27.587,27.739,27.828,27.854,27.859,28.121,27.954,28.199,28.178,28.282,28.189,28.277,28.236,28.319,28.34,28.288,28.267,28.063,28.089,27.995,27.812,27.739,27.576,27.482,27.371,27.245,27.161,27.029,26.971,26.834,26.823,26.823,26.686,26.585,26.458,26.272,26.293,26.251,26.044,26.044,26.001,25.926,25.937,25.873,25.74,25.569,25.526,25.387,24.877,0
0,0,0,0,0,0,0,0,26.506,26.844,27.161,27.114,27.214,27.429,27.398,27.529,27.503,27.624,27.713,27.88,27.901,28.027,28.131,28.163,28.267,28.303,28.262,28.449,28.34,28.402,28.449,28.387,28.309,28.288,28.163,28.095,27.99,27.891,27.797,27.697,27.597,27.498,27.282,27.219,26.998,27.092,26.961,26.797,26.686,26.733,26.622,26.733,26.453,26.262,26.171,26.224,26.166,26.113,26.022,25.974,25.756,25.825,25.649,25.601,25.419,25.124,0
0,0,0,0,0,0,0,0,25.98,26.749,27.114,27.214,27.224,27.456,27.466,27.519,27.681,27.802,27.755,28.053,28.095,28.136,28.173,28.173,28.23,28.34,28.371,28.387,28.439,28.522,28.538,28.465,28.34,28.361,28.345,28.142,28.116,27.844,27.77,27.755,27.655,27.566,27.477,27.324,27.224,27.098,27.108,26.966,26.797,26.596,26.717,26.606,26.447,26.527,26.447,26.23,26.065,26.107,26.049,25.878,25.804,25.926,25.622,25.601,25.633,24.925,0
0,0,0,0,0,0,0,0,25.809,26.659,26.913,27.224,27.298,27.466,27.576,27.718,27.828,27.723,27.781,27.933,28.048,28.152,28.142,28.262,28.309,28.428,28.46,28.668,28.673,28.616,28.548,28.486,28.324,28.491,28.163,28.095,28.136,28.042,27.844,27.88,27.634,27.592,27.387,27.466,27.203,27.282,27.108,27.04,26.918,26.765,26.696,26.543,26.437,26.522,26.293,26.325,26.15,25.974,25.862,25.878,25.905,25.772,25.777,25.574,25.488,24.925,0
0,0,0,0,0,0,0,0,0,26.585,26.924,27.019,27.277,27.508,27.419,27.513,27.676,27.676,27.912,27.948,28.032,28.126,28.314,28.382,28.423,28.46,28.569,28.678,28.72,28.59,28.522,28.558,28.475,28.501,28.434,28.293,28.282,28.079,28.084,27.828,27.744,27.545,27.555,27.471,27.214,27.235,27.108,27.208,27.045,26.982,26.829,26.733,26.696,26.543,26.32,26.267,26.24,26.251,26.07,25.884,25.884,25.873,25.825,25.66,25.403,24.737,0
0,0,0,0,0,0,0,0,0,26.24,26.776,26.998,27.208,27.293,27.371,27.603,27.702,27.817,27.912,28.048,28.142,28.303,28.382,28.444,28.48,28.486,28.512,28.631,28.678,28.657,28.631,28.626,28.579,28.558,28.475,28.136,28.288,28.236,28.152,28.006,27.828,27.875,27.597,27.419,27.324,27.229,27.356,27.256,27.087,27.14,26.913,26.733,26.839,26.442,26.373,26.299,26.315,26.134,26.065,26.081,26.054,25.857,25.91,25.611,25.681,0,0
0,0,0,0,0,0,0,0,0,26.182,26.876,26.929,27.156,27.361,27.461,27.545,27.707,27.77,27.927,28.173,28.152,28.215,28.382,28.366,28.444,28.475,28.496,28.579,28.694,28.694,28.688,28.553,28.714,28.548,28.47,28.491,28.512,28.152,28.225,27.98,27.786,27.849,27.639,27.466,27.519,27.414,27.324,27.187,27.182,27.119,26.998,26.86,26.68,26.569,26.495,26.405,26.193,26.309,26.224,26.139,25.889,25.953,25.878,25.74,25.419,0,0
0,0,0,0,0,0,0,0,0,26.193,26.95,26.998,27.287,27.266,27.266,27.44,27.666,27.666,27.749,27.854,28.027,28.136,28.246,28.303,28.355,28.402,28.486,28.439,28.699,28.553,28.725,28.818,28.605,28.709,28.558,28.522,28.558,28.392,28.324,28.324,28.048,28.079,27.938,27.655,27.65,27.503,27.54,27.471,27.319,27.224,27.045,27.056,26.897,26.744,26.675,26.59,26.336,26.474,26.251,26.134,26.134,26.033,26.161,26.017,25.852,0,0
0,0,0,0,0,0,0,0,0,0,25.67,26.76,26.934,27.266,27.287,27.524,27.545,27.655,27.828,27.849,28.063,28.011,28.241,28.408,28.35,28.418,28.496,28.564,28.694,28.787,28.74,28.72,28.668,28.808,28.714,28.527,28.605,28.491,28.418,28.34,28.173,28.131,27.964,27.859,27.702,27.645,27.529,27.482,27.524,27.293,27.108,26.918,26.897,26.739,26.68,26.575,26.527,26.4,26.447,26.347,26.214,26.198,26.086,26.001,25.809,0,0
0,0,0,0,0,0,0,0,0,0,25.676,26.691,26.95,27.298,27.361,27.54,27.576,27.681,27.739,27.906,28.063,27.98,28.225,28.262,28.303,28.397,28.579,28.694,28.621,28.72,28.72,28.72,28.756,28.699,28.647,28.6,28.574,28.486,28.434,28.298,28.157,28.084,28.053,27.922,27.676,27.645,27.519,27.477,27.414,27.392,27.124,26.934,26.961,26.908,26.675,26.691,26.458,26.484,26.32,26.357,26.453,26.198,26.187,25.958,25.686,0,0
0,0,0,0,0,0,0,0,0,0,25.83,26.67,26.918,27.156,27.198,27.382,27.534,27.681,27.802,27.854,27.875,28.021,28.189,28.22,28.298,28.376,28.569,28.605,28.574,28.636,28.725,28.694,28.657,28.808,28.823,28.553,28.522,28.6,28.382,28.267,28.262,28.001,28.089,27.933,27.781,27.545,27.519,27.54,27.371,27.319,27.256,27.061,26.976,26.86,26.86,26.649,26.5,26.596,26.453,26.442,26.4,26.224,26.224,26.07,25.953,0,0
0,0,0,0,0,0,0,0,0,0,25.478,26.628,26.955,27.15,27.272,27.456,27.555,27.639,27.702,27.828,27.98,28.058,28.183,28.408,28.366,28.355,28.439,28.621,28.647,28.72,28.631,28.797,28.751,28.72,28.704,28.61,28.564,28.543,28.392,28.392,28.236,28.173,28.058,27.959,27.776,27.776,27.739,27.576,27.329,27.361,27.261,27.171,27.05,26.765,26.813,26.77,26.527,26.601,26.522,26.447,26.362,26.293,26.288,26.246,26.012,0,0
0,0,0,0,0,0,0,0,0,0,25.878,26.696,26.961,27.319,27.34,27.414,27.582,27.77,27.66,27.786,28.063,28.11,28.173,28.251,28.371,28.434,28.402,28.616,28.735,28.579,28.704,28.709,28.761,28.662,28.74,28.652,28.569,28.527,28.475,28.371,28.246,28.079,28.116,28.079,27.865,27.645,27.791,27.624,27.582,27.361,27.35,27.182,27.04,27.034,26.765,26.76,26.622,26.564,26.527,26.585,26.479,26.278,26.341,26.378,25.958,0,0
0,0,0,0,0,0,0,0,0,0,25.9,26.612,27.04,27.214,27.403,27.382,27.587,27.671,27.817,27.828,27.859,28.089,28.173,28.293,28.277,28.376,28.408,28.6,28.605,28.579,28.668,28.725,28.756,28.725,28.694,28.771,28.621,28.579,28.631,28.491,28.408,28.209,28.194,28.152,27.87,27.891,27.865,27.576,27.561,27.508,27.303,27.256,27.166,27.013,26.966,26.807,26.691,26.755,26.553,26.484,26.548,26.463,26.219,26.299,26.086,0,0
0,0,0,0,0,0,0,0,0,0,26.118,26.945,27.219,27.498,27.392,27.445,27.65,27.859,27.927,27.98,27.933,28.058,28.262,28.241,28.236,28.387,28.522,28.673,28.579,28.61,28.777,28.714,28.647,28.636,28.756,28.595,28.673,28.564,28.574,28.444,28.209,28.194,28.163,28.142,28.016,27.854,27.87,27.587,27.561,27.34,27.487,27.25,27.229,27.135,27.013,26.823,26.781,26.654,26.696,26.601,26.543,26.463,26.564,26.299,25.91,0,0
0,0,0,0,0,0,0,0,0,0,26.102,26.807,27.235,27.613,27.645,27.723,27.702,27.948,27.886,27.875,27.964,28.089,28.272,28.387,28.444,28.376,28.418,28.636,28.626,28.694,28.668,28.73,28.73,28.678,28.642,28.662,28.47,28.647,28.423,28.47,28.35,28.319,28.267,28.1,27.912,27.927,27.917,27.424,27.429,27.382,27.408,27.177,27.219,27.161,27.024,26.913,26.939,26.717,26.67,26.458,26.58,26.437,26.537,26.315,25.894,0,0
0,0,0,0,0,0,0,0,0,0,0,27.04,27.356,27.676,27.671,27.755,27.833,27.718,27.791,28.042,28.136,28.027,28.183,28.288,28.408,28.418,28.506,28.564,28.636,28.678,28.673,28.855,28.662,28.652,28.709,28.704,28.642,28.652,28.449,28.423,28.335,28.267,28.262,27.948,28.084,27.886,27.707,27.597,27.576,27.503,27.182,27.261,27.145,27.008,27.008,26.866,26.918,26.638,26.781,26.606,26.553,26.532,26.4,26.299,26.139,0,0
0,0,0,0,0,0,0,0,0,0,0,26.992,27.203,27.55,27.739,27.718,27.985,27.98,28.037,28.032,28.032,28.147,28.288,28.329,28.319,28.46,28.564,28.652,28.673,28.694,28.631,28.797,28.673,28.673,28.662,28.642,28.771,28.538,28.548,28.423,28.454,28.256,28.246,28.116,27.969,27.859,27.723,27.639,27.445,27.382,27.377,27.214,27.045,27.166,27.034,26.813,26.818,26.781,26.67,26.628,26.617,26.575,26.495,26.299,25.873,0,0
0,0,0,0,0,0,0,0,0,0,0,27.224,27.314,27.707,27.702,27.749,27.891,28.001,28.006,28.032,28.069,28.199,28.277,28.501,28.439,28.532,28.486,28.527,28.558,28.642,28.6,28.756,28.694,28.709,28.668,28.522,28.538,28.491,28.423,28.491,28.418,28.262,28.189,28.037,27.922,27.823,27.686,27.597,27.555,27.482,27.277,27.224,27.161,27.05,26.955,26.971,26.802,26.739,26.755,26.622,26.638,26.442,26.378,26.357,25.884,0,0
0,0,0,0,0,0,0,0,0,0,0,27.219,27.429,27.844,27.597,27.891,27.922,27.98,28.027,28.147,27.99,28.23,28.262,28.48,28.434,28.548,28.543,28.668,28.569,28.605,28.642,28.647,28.642,28.59,28.517,28.605,28.647,28.428,28.423,28.548,28.282,28.23,28.277,28.063,27.812,27.734,27.692,27.66,27.529,27.461,27.24,27.198,26.976,27.087,27.013,26.86,26.992,26.829,26.675,26.516,26.601,26.553,26.511,26.198,25.825,0,0
0,0,0,0,0,0,0,0,0,0,0,27.056,27.561,27.812,27.802,27.906,28.001,27.917,28.095,28.058,28.058,28.329,28.329,28.387,28.564,28.496,28.496,28.558,28.662,28.709,28.558,28.61,28.694,28.522,28.553,28.584,28.584,28.475,28.46,28.397,28.22,28.236,28.147,28.048,27.875,27.828,27.697,27.466,27.587,27.513,27.272,27.277,27.114,27.077,26.961,26.749,26.786,26.834,26.617,26.575,26.617,26.447,26.532,26.293,25.756,0,0
0,0,0,0,0,0,0,0,0,0,0,26.95,27.582,27.681,27.886,27.917,27.985,28.189,28.079,28.136,28.246,28.402,28.376,28.449,28.454,28.574,28.569,28.517,28.642,28.642,28.636,28.642,28.579,28.72,28.683,28.517,28.522,28.465,28.444,28.387,28.303,28.215,28.006,28.074,27.912,27.728,27.723,27.524,27.435,27.44,27.345,27.177,27.135,27.071,26.829,26.961,26.802,26.723,26.765,26.638,26.691,26.612,26.495,26.458,25.644,0,0
0,0,0,0,0,0,0,0,0,0,0,27.235,27.702,27.849,27.854,27.849,27.969,28.095,28.152,28.256,28.168,28.35,28.402,28.428,28.517,28.553,28.59,28.652,28.538,28.631,28.647,28.657,28.538,28.694,28.579,28.501,28.527,28.324,28.558,28.319,28.251,28.282,28.079,28.037,27.88,27.791,27.498,27.456,27.377,27.419,27.45,27.098,27.082,27.056,26.839,26.834,26.797,26.807,26.633,26.76,26.617,26.453,26.442,26.347,25.515,0,0
0,0,0,0,0,0,0,0,0,0,0,27.05,27.676,27.98,27.807,28.042,28.105,28.131,28.116,28.173,28.157,28.303,28.382,28.392,28.543,28.501,28.538,28.543,28.569,28.605,28.61,28.662,28.595,28.496,28.564,28.584,28.491,28.434,28.314,28.298,28.251,28.131,28.042,27.838,27.728,27.624,27.666,27.508,27.419,27.371,27.293,27.24,27.193,27.024,26.982,26.998,26.829,26.813,26.638,26.596,26.596,26.638,26.548,26.347,25.403,0,0
0,0,0,0,0,0,0,0,0,0,0,27.15,27.44,27.786,27.838,27.886,28.089,28.074,28.037,28.095,28.256,28.402,28.418,28.361,28.428,28.48,28.491,28.569,28.48,28.6,28.517,28.642,28.465,28.584,28.548,28.46,28.532,28.486,28.371,28.329,28.152,28.178,28.116,27.875,27.702,27.603,27.603,27.398,27.534,27.324,27.166,27.166,27.092,27.071,27.029,26.913,26.786,26.654,26.665,26.733,26.638,26.474,26.463,26.155,0,0,0
0,0,0,0,0,0,0,0,0,0,0,0,27.513,27.817,27.859,27.964,28.021,28.189,28.142,28.345,28.262,28.319,28.527,28.454,28.439,28.501,28.569,28.413,28.558,28.569,28.439,28.564,28.564,28.574,28.449,28.522,28.35,28.366,28.366,28.215,28.147,28.189,27.954,27.865,27.896,27.692,27.613,27.445,27.408,27.361,27.15,27.198,26.998,27.024,26.955,26.95,26.844,26.818,26.707,26.691,26.543,26.569,26.453,26.033,0,0,0
0,0,0,0,0,0,0,0,0,0,0,0,27.55,27.645,27.969,27.969,28.042,28.121,28.116,28.324,28.35,28.324,28.355,28.454,28.423,28.423,28.428,28.491,28.652,28.48,28.496,28.475,28.465,28.486,28.439,28.47,28.392,28.324,28.335,28.215,28.116,28.157,28.058,27.886,27.87,27.755,27.461,27.466,27.387,27.324,27.066,27.235,27.177,26.955,26.976,26.945,26.813,26.818,26.665,26.702,26.537,26.564,26.506,25.958,0,0,0
0,0,0,0,0,0,0,0,0,0,0,0,27.513,27.529,27.886,27.906,28.048,28.089,28.319,28.262,28.246,28.277,28.402,28.34,28.418,28.517,28.361,28.439,28.553,28.439,28.408,28.418,28.543,28.382,28.303,28.355,28.402,28.251,28.236,28.22,28.246,28.126,27.974,27.948,27.849,27.65,27.723,27.429,27.44,27.335,27.156,27.04,27.098,26.913,26.871,26.881,26.887,26.829,26.659,26.495,26.633,26.431,26.293,25.83,0,0,0
0,0,0,0,0,0,0,0,0,0,0,0,27.445,27.477,27.707,27.755,28.11,28.105,28.089,28.147,28.204,28.298,28.376,28.355,28.423,28.329,28.355,28.449,28.496,28.475,28.251,28.434,28.423,28.355,28.324,28.423,28.293,28.246,28.189,28.168,28.142,28.126,27.99,27.859,27.77,27.613,27.597,27.477,27.329,27.335,27.314,27.171,26.987,26.987,26.976,26.955,26.802,26.807,26.807,26.617,26.532,26.336,26.193,25.9,0,0,0
0,0,0,0,0,0,0,0,0,0,0,0,27.392,27.634,27.713,27.828,27.948,27.974,28.006,28.183,28.272,28.267,28.225,28.288,28.319,28.423,28.314,28.392,28.434,28.512,28.439,28.309,28.34,28.382,28.355,28.387,28.408,28.168,28.256,28.236,28.116,28.095,27.974,27.823,27.692,27.744,27.592,27.445,27.377,27.208,27.219,27.066,26.934,27.071,27.061,26.829,26.797,26.781,26.733,26.67,26.479,26.203,26.155,25.462,0,0,0
0,0,0,0,0,0,0,0,0,0,0,0,0,27.755,27.786,27.859,27.969,27.964,28.016,27.954,28.136,28.204,28.236,28.293,28.355,28.366,28.392,28.486,28.335,28.303,28.288,28.34,28.293,28.34,28.288,28.418,28.22,28.262,28.236,28.23,28.194,27.974,27.875,27.964,27.707,27.728,27.686,27.429,27.403,27.214,27.135,27.171,27.193,27.019,26.966,26.844,26.866,26.792,26.749,26.548,26.559,26.373,25.974,0,0,0,0
0,0,0,0,0,0,0,0,0,0,0,0,0,27.618,27.88,27.776,27.922,28.126,27.959,27.964,28.074,28.236,28.147,28.215,28.303,28.329,28.324,28.241,28.293,28.277,28.454,28.303,28.288,28.194,28.345,28.408,28.236,28.23,28.157,28.215,28.037,28.1,27.833,27.812,27.791,27.713,27.624,27.66,27.414,27.324,27.224,27.214,27.129,27.061,26.987,26.86,26.86,26.802,26.765,26.59,26.643,26.32,25.985,0,0,0,0
0,0,0,0,0,0,0,0,0,0,0,0,0,27.508,27.671,27.823,27.938,27.933,27.912,28.006,28.142,28.288,28.152,28.277,28.236,28.34,28.324,28.361,28.371,28.34,28.282,28.402,28.413,28.241,28.277,28.209,28.272,28.194,28.173,28.069,28.063,27.98,27.959,27.901,27.739,27.692,27.613,27.424,27.387,27.35,27.235,27.193,27.14,27.045,26.961,26.902,26.818,26.707,26.67,26.469,26.516,26.235,25.841,0,0,0,0
0,0,0,0,0,0,0,0,0,0,0,0,0,27.613,27.765,27.728,27.901,27.886,27.943,28.021,28.037,28.163,28.204,28.303,28.262,28.303,28.293,28.335,28.293,28.262,28.366,28.35,28.282,28.267,28.267,28.189,28.23,28.225,28.183,28.058,28.042,28.037,27.865,28.006,27.77,27.645,27.713,27.461,27.35,27.408,27.124,27.124,27.098,27.082,27.013,26.945,26.765,26.818,26.675,26.628,26.495,26.309,25.681,0,0,0,0
0,0,0,0,0,0,0,0,0,0,0,0,0,27.377,27.739,27.713,27.807,27.849,27.875,27.98,27.99,28.126,28.23,28.173,28.183,28.298,28.335,28.345,28.277,28.194,28.11,28.11,28.298,28.183,28.246,28.199,28.241,28.063,28.194,28.089,28.089,28.058,28.016,27.901,27.77,27.755,27.692,27.592,27.545,27.387,27.382,27.219,27.166,27.145,26.987,26.95,26.802,26.85,26.717,26.717,26.702,26.405,26.293,0,0,0,0
0,0,0,0,0,0,0,0,0,0,0,0,0,0,27.503,27.676,27.734,27.838,27.875,27.797,28.063,28.053,28.1,28.142,28.22,28.189,28.262,28.272,28.142,28.319,28.225,28.11,28.251,28.189,28.209,28.1,28.142,28.074,28.084,28.027,27.933,27.974,27.875,27.781,27.697,27.718,27.671,27.477,27.477,27.398,27.187,27.193,27.177,27.103,27.224,27.013,26.813,26.887,26.67,26.776,26.638,26.389,26.123,0,0,0,0
0,0,0,0,0,0,0,0,0,0,0,0,0,0,27.166,27.755,27.666,27.948,27.812,27.865,28.011,28.027,28.095,28.074,28.142,28.163,28.314,28.11,28.22,28.168,28.157,28.163,28.199,28.209,28.1,28.021,28.116,28.016,28.032,27.98,28.011,28.001,27.786,27.692,27.718,27.634,27.534,27.44,27.582,27.461,27.403,27.319,27.187,27.029,27.082,26.961,26.881,26.871,26.728,26.585,26.516,26.394,25.756,0,0,0,0
0,0,0,0,0,0,0,0,0,0,0,0,0,0,27.34,27.513,27.634,27.734,27.713,27.671,27.728,27.938,27.933,27.974,28.084,28.063,28.147,28.121,28.152,28.163,28.079,28.063,28.027,28.121,28.048,28.22,28.011,28.016,27.948,27.854,27.854,27.838,27.702,27.686,27.755,27.571,27.519,27.471,27.408,27.435,27.35,27.177,27.256,27.119,27.024,26.945,26.892,26.77,26.802,26.728,26.5,26.214,25.515,0,0,0,0
0,0,0,0,0,0,0,0,0,0,0,0,0,0,27.129,27.445,27.498,27.713,27.817,27.624,27.749,27.797,27.875,27.954,28.032,28.032,28.131,28.116,28.142,28.1,28.121,28.027,28.058,28.021,27.99,27.912,27.917,27.88,27.906,27.77,27.76,27.765,27.666,27.618,27.592,27.624,27.487,27.466,27.377,27.403,27.366,27.377,27.156,27.166,27.103,26.945,26.945,26.765,26.744,26.638,26.575,26.208,0,0,0,0,0
0,0,0,0,0,0,0,0,0,0,0,0,0,0,27.203,27.435,27.519,27.692,27.676,27.692,27.697,27.702,27.99,27.875,27.943,28.105,28.074,28.058,27.959,28.027,28.001,27.995,27.985,27.974,27.948,27.917,27.954,27.865,27.797,27.797,27.765,27.749,27.781,27.582,27.582,27.45,27.387,27.329,27.335,27.272,27.256,27.161,27.034,27.05,26.934,26.929,26.834,26.924,26.696,26.59,26.5,25.985,0,0,0,0,0
0,0,0,0,0,0,0,0,0,0,0,0,0,0,27.272,27.414,27.408,27.723,27.681,27.529,27.734,27.749,27.739,27.823,27.844,27.896,27.985,27.901,27.948,27.901,27.964,27.912,27.807,27.807,27.76,27.823,27.865,27.791,27.791,27.723,27.671,27.676,27.487,27.477,27.371,27.319,27.256,27.392,27.203,27.208,27.166,27.187,27.066,27.119,26.829,26.85,26.818,26.813,26.569,26.484,26.341,25.921,0,0,0,0,0
0,0,0,0,0,0,0,0,0,0,0,0,0,0,27.092,27.272,27.356,27.555,27.718,27.408,27.629,27.676,27.671,27.681,27.812,27.755,27.828,27.807,27.838,27.865,27.697,27.802,27.838,27.786,27.797,27.828,27.681,27.65,27.624,27.587,27.513,27.503,27.529,27.566,27.398,27.319,27.24,27.277,27.229,27.193,27.219,27.129,27.045,26.876,26.876,26.881,26.717,26.543,26.58,26.564,26.203,25.98,0,0,0,0,0
0,0,0,0,0,0,0,0,0,0,0,0,0,0,27.129,27.25,27.513,27.435,27.513,27.498,27.624,27.645,27.613,27.692,27.833,27.744,27.749,27.776,27.707,27.718,27.686,27.77,27.791,27.66,27.613,27.728,27.561,27.697,27.477,27.534,27.618,27.498,27.456,27.329,27.345,27.303,27.24,27.193,27.098,27.077,27.14,27.003,27.024,26.887,26.844,26.76,26.744,26.765,26.649,26.479,26.315,25.841,0,0,0,0,0
0,0,0,0,0,0,0,0,0,0,0,0,0,0,27.087,27.35,27.272,27.524,27.519,27.419,27.414,27.545,27.566,27.655,27.576,27.838,27.702,27.765,27.692,27.676,27.734,27.561,27.608,27.555,27.676,27.534,27.571,27.44,27.403,27.424,27.314,27.45,27.361,27.361,27.298,27.098,27.114,27.045,27.04,27.098,27.092,26.955,26.829,26.85,26.902,26.585,26.569,26.522,26.548,26.469,26.182,25.622,0,0,0,0,0
0,0,0,0,0,0,0,0,0,0,0,0,0,0,27.082,27.34,27.261,27.382,27.34,27.419,27.419,27.487,27.445,27.482,27.666,27.702,27.624,27.692,27.524,27.534,27.582,27.466,27.608,27.456,27.471,27.513,27.44,27.387,27.419,27.293,27.356,27.392,27.25,27.24,27.277,27.219,27.045,26.992,26.998,26.939,26.855,26.813,26.86,26.85,26.818,26.569,26.638,26.506,26.596,26.5,26.219,25.285,0,0,0,0,0
0,0,0,0,0,0,0,0,0,0,0,0,0,0,26.955,27.287,27.214,27.272,27.377,27.229,27.177,27.461,27.414,27.471,27.513,27.576,27.445,27.45,27.471,27.587,27.456,27.445,27.445,27.377,27.366,27.314,27.329,27.282,27.287,27.329,27.229,27.203,27.25,27.077,27.071,27.066,27.05,26.908,27.013,26.855,26.871,26.776,26.733,26.792,26.649,26.622,26.612,26.612,26.511,26.378,26.065,0,0,0,0,0,0
0,0,0,0,0,0,0,0,0,0,0,0,0,0,26.966,27.229,27.14,27.308,27.356,27.193,27.177,27.235,27.24,27.261,27.282,27.529,27.456,27.392,27.272,27.35,27.534,27.45,27.203,27.387,27.161,27.166,27.235,27.214,27.161,27.135,27.245,27.166,27.282,27.061,26.966,27.029,27.029,26.871,26.823,26.823,26.829,26.702,26.744,26.85,26.675,26.59,26.622,26.569,26.516,26.4,25.99,0,0,0,0,0,0
0,0,0,0,0,0,0,0,0,0,0,0,0,0,26.955,27.15,27.045,27.256,27.119,27.145,27.135,27.082,27.161,27.303,27.193,27.329,27.329,27.308,27.256,27.34,27.293,27.208,27.156,27.224,27.14,27.077,27.245,27.019,27.019,26.976,27.066,27.098,27.082,26.971,27.003,26.924,26.939,26.797,26.887,26.86,26.712,26.654,26.702,26.749,26.675,26.421,26.569,26.347,26.453,26.304,25.953,0,0,0,0,0,0
0,0,0,0,0,0,0,0,0,0,0,0,0,0,26.823,27.214,27.008,27.261,27.156,26.987,27.077,26.982,26.95,26.971,27.124,27.256,27.156,27.24,27.119,27.187,27.045,27.171,27.087,26.976,26.982,27.024,26.95,27.071,27.061,26.982,26.955,26.966,26.908,26.987,26.792,26.76,26.702,26.68,26.617,26.744,26.622,26.553,26.643,26.585,26.58,26.612,26.622,26.437,26.283,26.262,25.734,0,0,0,0,0,0
0,0,0,0,0,0,0,0,0,0,0,0,0,0,26.5,26.976,27.166,27.003,26.998,26.992,26.85,26.992,26.844,26.908,26.924,26.971,26.934,26.982,27.029,26.945,26.939,26.866,26.987,26.939,26.823,26.939,26.866,26.871,26.807,26.939,26.855,26.839,26.855,26.781,26.649,26.723,26.897,26.702,26.702,26.585,26.628,26.601,26.643,26.447,26.575,26.511,26.421,26.378,26.278,26.256,0,0,0,0,0,0,0
0,0,0,0,0,0,0,0,0,0,0,0,0,0,26.309,26.86,26.781,26.786,26.934,26.717,26.712,26.797,26.797,26.887,26.802,26.834,26.834,26.717,26.792,26.717,26.797,26.77,26.829,26.86,26.908,26.807,26.85,26.755,26.818,26.855,26.781,26.739,26.691,26.744,26.728,26.702,26.728,26.617,26.643,26.495,26.569,26.596,26.463,26.421,26.548,26.522,26.373,26.384,26.431,26.203,0,0,0,0,0,0,0
0,0,0,0,0,0,0,0,0,0,0,0,0,0,25.729,26.511,26.744,26.744,26.834,26.575,26.543,26.755,26.776,26.823,26.723,26.643,26.717,26.585,26.728,26.575,26.802,26.675,26.691,26.601,26.823,26.792,26.68,26.797,26.628,26.839,26.786,26.622,26.654,26.633,26.675,26.532,26.527,26.357,26.426,26.378,26.469,26.442,26.453,26.5,26.315,26.256,26.347,26.299,26.336,26.177,0,0,0,0,0,0,0
0,0,0,0,0,0,0,0,0,0,0,0,0,0,0,26.596,26.527,26.537,26.58,26.431,26.495,26.516,26.559,26.776,26.702,26.654,26.5,26.553,26.575,26.606,26.601,26.59,26.633,26.564,26.781,26.723,26.675,26.601,26.728,26.622,26.585,26.59,26.633,26.426,26.606,26.416,26.537,26.469,26.362,26.495,26.453,26.389,26.421,26.341,26.315,26.421,26.315,26.299,26.378,26.262,0,0,0,0,0,0,0
0,0,0,0,0,0,0,0,0,0,0,0,0,0,0,26.405,26.4,26.421,26.458,26.431,26.58,26.41,26.553,26.49,26.41,26.357,26.405,26.389,26.394,26.511,26.426,26.431,26.384,26.511,26.601,26.633,26.633,26.596,26.612,26.453,26.458,26.469,26.49,26.41,26.516,26.405,26.421,26.331,26.357,26.341,26.341,26.357,26.262,26.362,26.4,26.24,26.357,26.357,26.278,26.022,0,0,0,0,0,0,0
0,0,0,0,0,0,0,0,0,0,0,0,0,0,0,26.161,26.177,26.384,26.447,26.357,26.362,26.278,26.474,26.267,26.299,26.278,26.262,26.309,26.272,26.325,26.469,26.426,26.548,26.368,26.336,26.506,26.426,26.506,26.373,26.463,26.4,26.384,26.4,26.447,26.416,26.331,26.378,26.283,26.299,26.155,26.32,26.262,26.187,26.368,26.267,26.4,26.251,26.256,26.251,25.894,0,0,0,0,0,0,0
0,0,0,0,0,0,0,0,0,0,0,0,0,0,0,25.862,26.155,26.384,26.246,26.272,26.362,26.177,26.299,26.304,26.198,26.299,26.251,26.224,26.251,26.389,26.347,26.315,26.283,26.267,26.426,26.368,26.426,26.458,26.416,26.362,26.394,26.447,26.4,26.437,26.389,26.325,26.118,26.214,26.129,26.208,26.15,26.081,26.193,26.054,26.187,26.251,26.129,26.262,26.315,25.894,0,0,0,0,0,0,0
0,0,0,0,0,0,0,0,0,0,0,0,0,0,0,25.644,25.969,26.161,26.203,26.129,26.288,26.198,26.272,26.091,26.262,26.214,26.075,26.145,26.203,26.06,26.118,26.288,26.309,26.256,26.214,26.155,26.161,26.352,26.352,26.309,26.251,26.32,26.293,26.113,26.235,26.123,26.113,26.107,26.033,26.139,26.15,26.07,26.145,26.155,26.097,26.299,26.166,26.187,26.091,25.601,0,0,0,0,0,0,0
0,0,0,0,0,0,0,0,0,0,0,0,0,0,0,25.521,25.884,25.9,26.123,25.964,26.028,26.081,25.996,26.075,26.065,26.054,26.214,25.974,26.086,26.187,26.118,26.272,26.193,26.028,26.049,26.283,26.129,26.145,26.166,26.145,26.214,26.315,26.219,26.129,26.129,26.102,26.102,26.044,26.001,26.028,26.118,26.123,26.155,26.001,26.044,26.193,26.251,26.091,26.06,25.547,0,0,0,0,0,0,0
0,0,0,0,0,0,0,0,0,0,0,0,0,0,0,25.135,25.926,26.097,26.086,25.921,26.054,26.006,26.017,25.98,25.953,26.075,25.974,26.065,26.049,25.996,26.049,26.23,26.049,26.033,26.081,26.07,26.107,26.15,26.145,26.134,26.129,26.123,26.107,25.969,26.272,26.081,26.097,26.022,26.022,26.017,25.99,25.948,26.134,26.001,26.075,26.166,26.224,26.171,26.145,25.301,0,0,0,0,0,0,0
0,0,0,0,0,0,0,0,0,0,0,0,0,0,0,24.887,25.595,25.814,25.884,25.841,26.022,25.958,25.884,25.937,25.958,25.926,25.937,25.884,26.07,26.006,26.065,26.097,25.996,26.028,26.086,26.044,26.038,26.001,26.065,26.139,26.113,25.948,26.07,26.155,26.107,26.15,26.075,25.921,26.001,25.948,25.926,25.83,25.873,26.028,25.99,26.06,26.091,25.974,25.969,25.145,0,0,0,0,0,0,0
0,0,0,0,0,0,0,0,0,0,0,0,0,0,0,0,25.531,25.841,26.038,25.841,25.916,25.921,25.889,25.729,25.814,25.756,25.953,25.921,25.841,25.889,25.884,25.948,25.889,25.916,25.985,26.033,26.017,26.028,26.006,25.937,25.969,25.985,26.097,25.894,26.028,25.932,25.782,25.745,25.873,25.825,25.916,25.921,25.91,25.958,25.969,26.054,25.964,25.996,25.857,25.102,0,0,0,0,0,0,0
0,0,0,0,0,0,0,0,0,0,0,0,0,0,0,0,25.585,25.862,26.006,25.814,25.958,25.83,25.777,25.804,25.868,25.729,25.878,25.932,25.75,25.83,25.782,25.937,25.868,25.916,25.932,25.788,25.985,25.9,25.985,25.942,25.937,26.017,25.926,25.825,26.022,25.996,25.761,25.729,25.884,25.884,25.793,25.884,25.814,25.926,25.857,25.894,25.82,26.006,25.948,25.708,0,0,0,0,0,0,0
0,0,0,0,0,0,0,0,0,0,0,0,0,0,0,0,24.65,25.59,25.793,25.83,25.734,25.782,25.777,25.83,25.729,25.814,25.782,25.846,25.611,25.825,25.804,25.708,25.745,25.868,25.793,25.713,25.894,25.788,25.75,25.804,25.814,25.905,25.825,25.91,25.9,25.932,25.836,25.59,25.734,25.756,25.798,25.734,25.82,25.729,25.825,25.974,25.942,25.889,25.809,25.729,0,0,0,0,0,0,0
0,0,0,0,0,0,0,0,0,0,0,0,0,0,0,0,24.704,25.521,25.836,25.894,25.724,25.884,25.692,25.772,25.638,25.644,25.718,25.681,25.745,25.766,25.681,25.633,25.782,25.676,25.574,25.734,25.809,25.766,25.772,25.777,25.788,25.681,25.628,25.777,25.713,25.633,25.692,25.702,25.681,25.697,25.713,25.75,25.772,25.766,25.841,25.814,25.825,25.74,25.782,25.601,0,0,0,0,0,0,0
0,0,0,0,0,0,0,0,0,0,0,0,0,0,0,0,24.817,25.59,25.718,25.857,25.809,25.724,25.761,25.606,25.654,25.665,25.558,25.665,25.681,25.708,25.628,25.644,25.622,25.665,25.579,25.734,25.75,25.558,25.633,25.772,25.809,25.665,25.702,25.686,25.697,25.804,25.579,25.681,25.681,25.681,25.676,25.708,25.782,25.729,25.745,25.718,25.766,25.75,25.873,25.414,0,0,0,0,0,0,0
0,0,0,0,0,0,0,0,0,0,0,0,0,0,0,0,24.753,25.553,25.686,25.905,25.531,25.718,25.729,25.66,25.665,25.75,25.75,25.686,25.617,25.638,25.628,25.537,25.622,25.478,25.376,25.521,25.563,25.633,25.51,25.553,25.59,25.622,25.649,25.553,25.697,25.644,25.558,25.595,25.718,25.718,25.734,25.542,25.761,25.644,25.558,25.601,25.585,25.708,25.75,0,0,0,0,0,0,0,0
0,0,0,0,0,0,0,0,0,0,0,0,0,0,0,0,24.737,25.333,25.766,25.697,25.547,25.697,25.681,25.676,25.638,25.569,25.628,25.419,25.467,25.494,25.51,25.521,25.419,25.542,25.488,25.403,25.483,25.51,25.579,25.756,25.654,25.574,25.665,25.628,25.392,25.569,25.622,25.681,25.537,25.526,25.563,25.729,25.563,25.611,25.633,25.569,25.649,25.617,25.686,0,0,0,0,0,0,0,0
0,0,0,0,0,0,0,0,0,0,0,0,0,0,0,0,0,25.505,25.676,25.692,25.574,25.537,25.579,25.537,25.531,25.563,25.467,25.51,25.44,25.387,25.333,25.408,25.403,25.365,25.317,25.371,25.408,25.381,25.446,25.488,25.435,25.403,25.531,25.435,25.488,25.553,25.467,25.526,25.563,25.499,25.472,25.456,25.322,25.435,25.542,25.542,25.505,25.649,25.355,0,0,0,0,0,0,0,0
0,0,0,0,0,0,0,0,0,0,0,0,0,0,0,0,0,25.365,25.467,25.499,25.472,25.467,25.499,25.456,25.569,25.521,25.446,25.43,25.28,25.355,25.387,25.478,25.285,25.328,25.135,25.456,25.397,25.263,25.36,25.349,25.531,25.494,25.472,25.488,25.403,25.446,25.472,25.44,25.435,25.462,25.472,25.376,25.296,25.451,25.537,25.467,25.333,25.306,25.231,0,0,0,0,0,0,0,0
0,0,0,0,0,0,0,0,0,0,0,0,0,0,0,0,0,25.247,25.472,25.547,25.349,25.451,25.403,25.403,25.43,25.483,25.397,25.419,25.397,25.312,25.408,25.29,25.226,25.167,25.258,25.151,25.237,25.113,25.349,25.44,25.221,25.269,25.317,25.28,25.226,25.258,25.28,25.253,25.253,25.408,25.258,25.306,25.381,25.312,25.333,25.199,25.333,25.301,25.285,0,0,0,0,0,0,0,0
0,0,0,0,0,0,0,0,0,0,0,0,0,0,0,0,0,24.963,25.403,25.472,25.237,25.51,25.44,25.43,25.44,25.392,25.43,25.269,25.414,25.306,25.242,25.258,25.215,25.269,25.21,25.194,25.108,25.215,25.258,25.274,25.215,25.269,25.226,25.312,25.242,25.215,25.322,25.221,25.204,25.301,25.145,25.253,25.135,25.231,25.14,25.269,25.145,25.188,0,0,0,0,0,0,0,0,0
0,0,0,0,0,0,0,0,0,0,0,0,0,0,0,0,0,24.791,25.392,25.387,25.151,25.365,25.237,25.296,25.221,25.36,25.333,25.156,25.076,25.194,25.049,25.194,25.14,25.065,25.06,25.119,24.957,25.145,25.017,25.258,25.14,25.076,25.14,25.081,25.049,25.145,25.167,25.113,25.097,25.102,25.108,25.102,25.221,25.194,25.162,25.124,25.038,24.984,0,0,0,0,0,0,0,0,0
0,0,0,0,0,0,0,0,0,0,0,0,0,0,0,0,0,24.893,25.28,25.151,25.054,25.21,25.221,25.242,25.242,25.317,25.28,25.28,25.21,25.21,25.108,25.124,25.097,25.033,25.07,25.135,24.904,24.995,24.893,24.99,24.941,25.054,25.108,24.984,25.06,25.119,25.033,25.043,25.06,25.221,25.076,25.247,25.027,25.054,25.027,24.963,25.113,25.092,0,0,0,0,0,0,0,0,0
0,0,0,0,0,0,0,0,0,0,0,0,0,0,0,0,0,0,24.984,25.151,24.979,25.199,25.076,25.376,25.129,25.231,25.221,25.194,25.178,25.162,25.124,25.038,25.097,25,24.968,24.941,25.027,25,24.979,25,24.887,24.92,24.968,25.054,24.99,24.936,24.887,24.925,24.974,24.979,25.092,24.99,25.054,24.93,25.097,24.936,24.882,0,0,0,0,0,0,0,0,0,0
0,0,0,0,0,0,0,0,0,0,0,0,0,0,0,0,0,0,24.747,24.904,24.785,24.887,24.898,25.221,25.102,25.247,25.21,25.204,25.188,25.178,25.156,25.167,25.065,24.979,24.887,24.963,24.952,24.925,24.936,24.995,24.968,24.93,24.974,24.898,24.877,24.995,24.952,24.952,24.936,24.866,24.963,24.877,24.93,24.947,24.774,24.887,24.791,0,0,0,0,0,0,0,0,0,0
0,0,0,0,0,0,0,0,0,0,0,0,0,0,0,0,0,0,24.769,24.882,24.882,24.866,24.947,24.968,25,25.14,25.151,25.119,25.145,24.957,24.984,24.984,24.947,24.909,24.947,24.866,24.963,24.871,24.866,24.812,24.904,25.017,24.92,24.93,24.947,24.941,24.882,24.909,24.823,24.914,24.791,24.887,24.887,24.801,24.65,24.844,24.71,0,0,0,0,0,0,0,0,0,0
0,0,0,0,0,0,0,0,0,0,0,0,0,0,0,0,0,0,24.478,24.774,24.58,24.699,24.726,24.855,24.974,25.124,24.99,25.113,25.065,25.076,25.07,24.925,24.92,24.844,24.861,24.887,24.801,24.796,24.861,24.909,24.823,24.92,24.839,24.817,24.941,24.968,24.823,24.834,24.812,24.925,24.828,24.844,24.785,24.726,24.645,24.699,0,0,0,0,0,0,0,0,0,0,0
0,0,0,0,0,0,0,0,0,0,0,0,0,0,0,0,0,0,0,24.656,24.526,24.683,24.634,24.774,24.995,24.984,24.984,24.995,25.102,24.925,25.102,24.861,24.963,24.737,24.844,24.78,24.753,24.796,24.769,24.893,24.769,24.747,24.877,24.785,24.817,24.839,24.796,24.661,24.764,24.715,24.548,24.634,24.564,24.704,24.559,24.532,0,0,0,0,0,0,0,0,0,0,0
0,0,0,0,0,0,0,0,0,0,0,0,0,0,0,0,0,0,0,24.483,24.451,24.704,24.586,24.791,24.871,24.914,24.898,24.828,24.974,24.893,25.027,24.85,24.844,24.796,24.882,24.909,24.758,24.764,24.807,24.828,24.753,24.78,24.823,24.72,24.817,24.71,24.866,24.613,24.699,24.634,24.575,24.596,24.645,24.467,24.537,0,0,0,0,0,0,0,0,0,0,0,0
0,0,0,0,0,0,0,0,0,0,0,0,0,0,0,0,0,0,0,24.256,24.407,24.375,24.623,24.521,24.602,24.812,24.817,24.887,24.904,24.817,24.839,24.823,24.796,24.828,24.704,24.613,24.78,24.656,24.645,24.58,24.591,24.569,24.645,24.796,24.715,24.64,24.699,24.564,24.467,24.542,24.348,24.315,24.37,24.321,24.38,0,0,0,0,0,0,0,0,0,0,0,0
0,0,0,0,0,0,0,0,0,0,0,0,0,0,0,0,0,0,0,0,24.099,24.288,24.488,24.499,24.591,24.667,24.812,24.758,24.72,24.645,24.71,24.699,24.78,24.667,24.688,24.613,24.699,24.629,24.623,24.758,24.483,24.602,24.515,24.553,24.548,24.537,24.521,24.483,24.505,24.38,24.483,24.397,24.294,24.386,0,0,0,0,0,0,0,0,0,0,0,0,0
0,0,0,0,0,0,0,0,0,0,0,0,0,0,0,0,0,0,0,0,24.012,24.072,24.283,24.505,24.37,24.494,24.699,24.607,24.542,24.726,24.667,24.667,24.559,24.618,24.645,24.645,24.688,24.661,24.472,24.623,24.661,24.559,24.548,24.461,24.575,24.461,24.488,24.288,24.424,24.229,24.261,24.218,24.272,0,0,0,0,0,0,0,0,0,0,0,0,0,0
0,0,0,0,0,0,0,0,0,0,0,0,0,0,0,0,0,0,0,0,0,23.936,24.278,24.234,24.397,24.553,24.526,24.569,24.515,24.521,24.521,24.645,24.591,24.623,24.64,24.575,24.64,24.505,24.526,24.548,24.472,24.397,24.424,24.564,24.37,24.461,24.283,24.229,24.202,24.191,24.072,24.185,0,0,0,0,0,0,0,0,0,0,0,0,0,0,0
0,0,0,0,0,0,0,0,0,0,0,0,0,0,0,0,0,0,0,0,0,0,24.202,24.072,24.294,24.223,24.451,24.488,24.575,24.321,24.38,24.629,24.288,24.407,24.37,24.44,24.494,24.359,24.234,24.38,24.359,24.429,24.337,24.353,24.299,24.391,24.213,24.05,24.088,24.077,24.001,0,0,0,0,0,0,0,0,0,0,0,0,0,0,0,0
0,0,0,0,0,0,0,0,0,0,0,0,0,0,0,0,0,0,0,0,0,0,0,24.137,24.082,24.283,24.283,24.072,24.256,24.348,24.321,24.31,24.31,24.332,24.229,24.267,24.397,24.348,24.131,24.12,24.164,24.218,24.12,24.223,24.185,24.218,24.218,23.914,24.028,23.925,0,0,0,0,0,0,0,0,0,0,0,0,0,0,0,0,0
0,0,0,0,0,0,0,0,0,0,0,0,0,0,0,0,0,0,0,0,0,0,0,0,0,23.974,24.202,24.066,24.061,24.11,24.055,24.245,24.088,24.137,24.082,24.305,24.007,24.034,23.958,23.974,23.925,23.914,23.936,23.925,23.887,23.969,23.941,23.795,0,0,0,0,0,0,0,0,0,0,0,0,0,0,0,0,0,0,0
0,0,0,0,0,0,0,0,0,0,0,0,0,0,0,0,0,0,0,0,0,0,0,0,0,0,0,23.985,24.175,24.007,23.996,24.072,23.979,23.941,23.99,24.007,23.969,24.055,23.985,23.757,23.876,23.887,23.958,23.963,23.86,23.893,0,0,0,0,0,0,0,0,0,0,0,0,0,0,0,0,0,0,0,0,0
0,0,0,0,0,0,0,0,0,0,0,0,0,0,0,0,0,0,0,0,0,0,0,0,0,0,0,0,0,0,23.816,23.833,23.849,23.893,23.729,23.854,23.811,23.642,23.724,23.751,23.724,23.588,23.664,23.664,0,0,0,0,0,0,0,0,0,0,0,0,0,0,0,0,0,0,0,0,0,0,0
0,0,0,0,0,0,0,0,0,0,0,0,0,0,0,0,0,0,0,0,0,0,0,0,0,0,0,0,0,0,0,0,0,0,0,0,0,0,0,0,0,0,0,0,0,0,0,0,0,0,0,0,0,0,0,0,0,0,0,0,0,0,0,0,0,0,0
