0,0,0,0,0,0,0,0,0,0,0,0,0,0,0,0,0,0,0,0,0,0,0,0,0,0,0,0,0,0,0,0,0,0,0,0,0,0,0,0,0,0,0,0,0,0,0,0,0,0,0,0,0,0,0,0,0,0,0,0,0,0,0
0,0,0,0,0,0,0,0,0,0,0,0,0,0,0,0,0,33.78,33.968,34.022,33.77,33.804,33.755,33.735,33.173,0,0,0,0,0,0,0,0,0,0,0,0,0,0,0,0,0,0,0,0,0,0,0,0,0,0,0,0,0,0,0,0,0,0,0,0,0,0
0,0,0,0,0,0,0,0,0,0,0,0,0,0,0,33.66,33.928,34.077,33.973,34.082,34.112,34.052,34.052,33.988,33.968,33.621,33.073,0,0,0,0,0,0,0,0,0,0,0,0,0,0,0,0,0,0,0,0,0,0,0,0,0,0,0,0,0,0,0,0,0,0,0,0
0,0,0,0,0,0,0,0,0,0,0,0,0,0,33.77,34.003,34.062,34.107,34.072,34.107,34.25,34.077,33.963,34.191,34.008,33.765,33.65,33.178,0,0,0,0,0,0,0,0,0,0,0,0,0,0,0,0,0,0,0,0,0,0,0,0,0,0,0,0,0,0,0,0,0,0,0
0,0,0,0,0,0,0,0,0,0,0,0,0,33.735,33.899,33.998,34.107,34.141,34.23,34.206,34.156,34.126,34.126,34.082,34.013,33.73,33.586,33.611,33.018,0,0,0,0,0,0,0,0,0,0,0,0,0,0,0,0,0,0,0,0,0,0,0,0,0,0,0,0,0,0,0,0,0,0
0,0,0,0,0,0,0,0,0,0,0,0,33.526,33.765,33.794,33.869,34.052,34.121,34.206,34.29,34.22,34.112,34.121,34.176,33.983,33.844,33.646,33.462,33.392,0,0,0,0,0,0,0,0,0,0,0,0,0,0,0,0,0,0,0,0,0,0,0,0,0,0,0,0,0,0,0,0,0,0
0,0,0,0,0,0,0,0,0,0,0,33.108,33.675,33.775,33.78,33.715,33.918,34.003,34.151,34.206,34.23,34.196,34.265,34.22,33.928,33.943,33.581,33.531,33.442,32.703,0,0,0,0,0,0,0,0,0,0,0,0,0,0,0,0,0,0,0,0,0,0,0,0,0,0,0,0,0,0,0,0,0
0,0,0,0,0,0,0,0,0,0,33.312,33.506,33.69,33.775,33.804,33.794,33.874,34.057,33.953,34.097,34.22,34.295,34.235,34.191,33.933,33.814,33.7,33.511,33.347,33.063,0,0,0,0,0,0,0,0,0,0,0,0,0,0,0,0,0,0,0,0,0,0,0,0,0,0,0,0,0,0,0,0,0
0,0,0,0,0,0,0,0,0,33.646,33.665,33.735,33.735,33.74,33.77,33.76,33.819,33.918,34.013,33.998,34.21,34.26,34.102,34.206,33.953,33.913,33.655,33.471,33.347,33.297,32.532,0,0,0,0,0,0,0,0,0,0,0,0,0,0,0,0,0,0,0,0,0,0,0,0,0,0,0,0,0,0,0,0
0,0,0,0,0,0,0,0,33.621,33.819,33.665,33.74,33.78,33.655,33.819,33.75,33.76,33.909,33.978,34.097,34.131,34.112,34.018,33.918,33.655,33.67,33.466,33.422,33.312,32.993,32.993,0,0,0,0,0,0,0,0,0,0,0,0,0,0,0,0,0,0,0,0,0,0,0,0,0,0,0,0,0,0,0,0
0,0,0,0,0,0,0,0,33.804,33.765,33.799,33.745,33.804,33.794,33.77,33.809,33.809,33.958,33.864,33.978,34.008,33.844,33.844,33.854,33.675,33.447,33.387,33.402,33.347,33.113,31.625,0,0,0,0,0,0,0,0,0,0,0,0,0,0,0,0,0,0,0,0,0,0,0,0,0,0,0,0,0,0,0,0
0,0,0,0,0,0,0,33.526,33.844,33.799,33.74,33.745,33.775,33.789,33.824,33.715,33.869,33.899,33.78,33.849,33.923,33.849,33.849,33.879,33.675,33.486,33.506,33.277,33.282,33.217,32.512,0,0,0,0,31.179,31.326,31.098,31.301,31.372,0,0,0,0,0,0,0,0,0,0,0,0,0,0,0,0,0,0,0,0,0,0,0
0,0,0,0,0,0,0,33.7,33.745,33.938,33.869,33.899,33.874,33.864,33.814,33.745,33.765,33.715,33.804,33.864,33.735,33.839,33.859,33.879,33.586,33.471,33.322,33.232,33.317,33.222,32.818,0,0,0,31.367,31.458,31.549,31.534,31.509,31.646,31.585,0,0,0,0,0,0,0,0,0,0,0,0,0,0,0,0,0,0,0,0,0,0
0,0,0,0,0,0,0,33.66,33.923,33.859,33.889,33.894,33.864,33.839,33.775,33.74,33.641,33.809,33.71,33.824,33.819,33.834,33.809,33.755,33.471,33.332,33.357,33.227,33.123,33.038,33.003,0,0,31.63,31.549,31.731,31.737,31.6,31.817,31.812,31.762,31.605,0,0,0,0,0,0,0,0,0,0,0,0,0,0,0,0,0,0,0,0,0
0,0,0,0,0,0,33.372,33.69,33.839,33.72,33.889,33.859,33.928,33.755,33.72,33.641,33.735,33.705,33.775,33.705,33.76,33.799,33.725,33.551,33.457,33.307,33.133,33.093,33.133,33.083,32.943,31.326,31.742,31.726,31.843,31.721,31.928,31.762,31.792,31.858,31.711,31.701,31.438,0,0,0,0,0,0,0,0,0,0,0,0,0,0,0,0,0,0,0,0
0,0,0,0,0,0,33.586,33.854,33.864,33.775,33.884,33.938,33.775,33.869,33.794,33.78,33.65,33.66,33.66,33.69,33.77,33.819,33.641,33.501,33.362,33.108,32.978,32.903,33.013,32.888,33.033,32.236,32.12,31.954,31.918,31.944,32.019,31.949,31.903,31.893,31.772,31.792,31.62,31.215,0,0,0,0,0,0,0,0,0,0,0,0,0,0,0,0,0,0,0
0,0,0,0,0,0,33.641,33.765,33.775,33.675,33.879,33.775,33.834,33.854,33.735,33.775,33.735,33.641,33.655,33.641,33.626,33.665,33.646,33.511,33.302,33.207,32.963,32.758,32.723,32.698,32.868,32.758,32.271,32.115,31.938,32.105,32.145,31.989,32.075,31.979,31.913,31.686,31.706,31.352,0,0,0,0,0,0,0,0,0,0,0,0,0,0,0,0,0,0,0
0,0,0,0,0,33.675,33.814,33.73,33.755,33.546,33.7,33.849,33.849,33.765,33.849,33.824,33.824,33.601,33.611,33.646,33.486,33.516,33.486,33.322,33.327,33.153,32.953,32.708,32.708,32.637,32.888,32.748,32.276,32.13,32.12,32.211,32.155,32.085,32.014,31.954,31.716,31.767,31.56,31.352,0,0,0,0,0,0,0,0,0,0,0,0,0,0,0,0,0,0,0
0,0,0,0,0,33.67,33.715,33.705,33.695,33.437,33.735,33.73,33.789,33.884,33.775,33.864,33.685,33.641,33.511,33.452,33.491,33.466,33.397,33.367,33.138,33.018,32.688,32.497,32.602,32.818,32.818,32.748,32.256,32.039,32.039,32.105,31.949,32.029,32.004,31.984,31.747,31.646,31.372,31.337,0,0,0,0,0,0,0,0,0,0,0,0,0,0,0,0,0,0,0
0,0,0,0,0,33.665,33.75,33.74,33.665,33.655,33.7,33.859,33.725,33.834,33.884,33.834,33.725,33.546,33.581,33.66,33.491,33.402,33.432,33.347,33.242,33.013,32.708,32.517,32.552,32.763,32.803,32.16,32.029,32.105,31.974,32.044,32.029,32.004,31.898,31.848,31.691,31.489,31.21,31.042,0,0,0,0,0,0,0,0,0,0,0,0,0,0,0,0,0,0,0
0,0,0,0,0,33.556,33.735,33.824,33.66,33.675,33.725,33.78,33.799,33.844,33.77,33.794,33.695,33.75,33.551,33.576,33.551,33.442,33.397,33.367,33.227,33.033,32.672,32.557,32.582,32.758,32.657,32.13,32.049,32.075,32.029,32.014,32.009,31.979,31.807,31.817,31.696,31.423,31.2,31.022,30.113,0,0,0,0,0,0,0,0,0,0,0,0,0,0,0,0,0,0
0,0,0,0,0,33.357,33.646,33.74,33.616,33.596,33.581,33.74,33.839,33.918,33.715,33.745,33.705,33.531,33.452,33.556,33.566,33.457,33.422,33.347,33.292,33.058,32.793,32.482,32.517,32.522,32.522,32.08,31.999,31.944,32.004,31.863,31.812,31.908,31.802,31.554,31.56,31.306,31.24,31.062,31.413,31.908,30.991,0,0,0,0,0,0,0,0,0,0,0,0,0,0,0,0
0,0,0,0,0,33.197,33.437,33.496,33.526,33.551,33.601,33.641,33.546,33.809,33.725,33.705,33.541,33.551,33.442,33.506,33.516,33.407,33.367,33.297,33.018,32.923,32.662,32.422,32.557,32.452,32.211,31.898,31.999,31.888,31.807,31.933,31.726,31.706,31.742,31.489,31.235,31.078,30.976,31.215,31.838,31.933,32.029,31.964,32.019,31.944,0,0,0,0,0,0,0,0,0,0,0,0,0
0,0,0,0,0,33.028,33.178,33.342,33.372,33.432,33.476,33.491,33.606,33.66,33.695,33.506,33.387,33.447,33.357,33.526,33.387,33.262,33.222,33.148,32.943,32.753,32.452,32.381,32.392,32.753,32.216,31.807,31.772,31.838,31.777,31.767,31.6,31.6,31.615,31.372,31.006,30.966,30.951,31.392,31.666,31.565,31.716,31.868,32.054,31.999,31.944,0,0,0,0,0,0,0,0,0,0,0,0
0,0,0,0,31.893,32.723,32.948,33.202,33.197,33.217,33.342,33.312,33.457,33.561,33.541,33.382,33.347,33.257,33.212,33.337,33.232,33.173,33.013,32.958,32.783,32.502,32.371,32.336,32.527,32.788,32.331,31.635,31.509,31.489,31.676,31.575,31.479,31.367,31.387,31.108,30.976,30.895,31.134,31.59,31.479,31.529,31.762,31.832,31.878,32.105,32.17,31.57,0,0,0,0,0,0,0,0,0,0,0
0,0,0,0,32.105,32.823,32.958,33.038,33.028,33.033,33.173,33.163,33.357,33.292,33.347,33.237,33.202,33.038,32.943,33.143,33.058,33.068,32.798,32.753,32.532,32.281,32.246,32.205,32.582,32.647,32.221,31.878,31.463,31.372,31.382,31.245,31.261,31.306,31.255,31.073,31.032,31.108,31.372,31.326,31.347,31.565,31.671,31.802,32.044,32.059,32.14,32.054,0,0,0,0,0,0,0,0,0,0,0
0,0,0,32.155,32.728,32.708,32.723,32.803,32.878,32.818,33.073,33.078,33.078,33.123,33.033,32.908,32.978,32.883,32.602,32.823,32.863,32.773,32.517,32.447,32.331,32.175,32.059,32.205,32.713,32.572,32.2,32.08,31.752,31.494,31.403,31.306,31.261,31.21,31.179,31.21,31.565,31.438,31.144,31.21,31.149,31.565,31.565,31.908,32.039,32.034,32.09,32.039,31.676,0,0,0,0,0,0,0,0,0,0
0,0,0,32.216,32.763,32.808,32.743,32.703,32.662,32.818,32.908,32.908,32.938,32.908,32.793,32.597,32.537,32.402,32.442,32.507,32.386,32.276,32.095,32.18,32.029,32.19,32.477,32.577,32.402,32.236,32.236,32.09,31.918,31.838,31.666,31.646,31.332,31.337,31.585,32.19,31.964,31.123,31.001,30.981,31.134,31.403,31.646,31.762,31.898,31.908,31.989,31.893,31.656,0,0,0,0,0,0,0,0,0,0
0,0,0,32.291,32.662,32.768,32.637,32.522,32.738,32.698,32.798,32.718,32.703,32.622,32.678,32.522,32.492,32.316,32.155,32.11,32.044,32.054,32.024,32.024,32.064,32.417,32.778,32.542,32.246,32.019,31.969,31.782,31.848,31.691,31.898,31.923,31.807,32.19,32.562,31.832,31.012,30.762,30.762,30.976,31.2,31.57,31.681,31.762,31.762,31.868,31.838,31.807,31.453,0,0,0,0,0,0,0,0,0,0
0,0,0,32.195,32.647,32.482,32.427,32.371,32.331,32.597,32.723,32.743,32.642,32.607,32.622,32.602,32.462,32.422,32.165,32.13,32.095,32.251,32.07,32.321,32.537,33.143,32.652,32.195,31.979,31.726,31.853,31.463,31.565,31.544,31.686,31.742,32.18,32.281,32.567,31.686,30.915,30.752,30.721,30.747,31.149,31.215,31.463,31.539,31.721,31.635,31.443,31.57,31.001,0,0,0,0,0,0,0,0,0,0
0,0,31.25,32.216,32.432,32.417,32.281,32.16,32.16,32.331,32.346,32.281,32.331,32.371,32.331,32.336,32.256,32.371,32.412,32.452,32.366,32.412,32.482,32.678,33.148,33.133,32.346,31.989,31.913,31.767,31.646,31.423,31.377,31.428,31.362,31.529,31.752,31.999,32.286,31.832,30.823,30.446,30.471,30.645,30.782,31.195,31.306,31.332,31.418,31.468,31.484,31.458,31.453,31.514,0,0,0,0,0,0,0,0,0
0,0,31.433,32.085,32.311,32.2,32.07,32.14,32.059,32.185,32.241,32.185,32.125,32.195,32.195,32.211,32.216,32.2,32.301,32.402,32.447,32.718,32.823,32.988,32.968,32.713,32.271,31.974,31.762,31.565,31.438,31.296,31.281,31.357,31.362,31.468,31.651,31.858,32.195,32.185,30.9,30.405,30.354,30.486,30.655,30.961,31.134,31.108,31.149,31.098,31.342,31.362,31.979,31.974,31.802,31.696,0,0,0,0,0,0,0
0,0,31.088,31.933,32.17,31.913,31.903,31.838,31.853,31.898,31.928,32.049,31.959,32.029,31.989,31.989,32.059,32.034,32.336,32.437,32.688,32.728,32.738,32.813,32.532,32.427,32.145,31.807,31.782,31.534,31.529,31.357,31.21,31.332,31.215,31.255,31.509,31.671,32.004,32.381,31.266,30.507,30.348,30.41,30.486,30.874,30.859,30.991,31.006,31.006,31.301,31.56,31.787,31.747,31.701,31.762,31.57,31.078,0,0,0,0,0
0,0,30.915,31.787,31.969,31.888,31.696,31.686,31.757,31.822,31.726,31.787,31.777,31.716,31.792,31.918,31.807,32.11,32.261,32.612,32.858,32.703,32.507,32.507,32.366,32.145,32.014,31.974,31.772,31.484,31.453,31.428,31.367,31.362,31.408,31.326,31.509,31.696,31.974,32.13,31.994,30.889,30.599,30.379,30.456,30.64,30.721,30.711,30.986,31.012,31.352,31.777,31.519,31.575,31.676,31.656,31.716,31.554,0,0,0,0,0
0,0,30.645,31.458,31.656,31.716,31.787,31.797,31.822,31.772,31.782,31.64,31.711,31.772,31.858,31.817,32.009,32.17,32.281,32.627,32.457,32.316,32.271,32.321,32.1,32.16,32.049,31.863,31.625,31.499,31.6,31.56,31.529,31.595,31.489,31.428,31.529,31.64,32.004,32.18,32.301,32.039,31.321,31.006,31.088,30.624,30.66,30.772,31.027,31.301,31.403,31.332,31.291,31.362,31.625,31.484,31.782,31.671,31.052,0,0,0,0
0,30.701,31.352,31.514,31.585,31.595,31.686,31.625,31.595,31.757,31.742,31.827,31.827,32.004,31.969,31.938,31.954,32.095,32.16,32.175,32.261,32.251,32.064,32.145,32.155,32.115,31.979,31.812,31.61,31.509,31.529,31.57,31.59,31.534,31.519,31.443,31.433,31.726,31.843,31.868,32.175,32.16,31.913,31.802,31.757,30.945,31.042,31.296,31.443,31.306,31.017,31.042,31.2,31.205,31.504,31.59,31.787,31.812,31.792,0,0,0,0
0,30.584,31.281,31.529,31.514,31.58,31.519,31.651,31.706,31.737,31.858,31.868,32.195,31.918,32.039,32.014,32.15,32.039,32.14,32.07,32.155,32.14,32.125,32.034,32.054,31.928,31.752,31.514,31.64,31.671,31.671,31.656,31.721,31.595,31.651,31.453,31.397,31.529,31.726,31.832,31.878,31.868,31.999,31.959,31.964,31.858,31.893,32.019,31.418,31.022,30.813,30.742,30.94,31.088,31.372,31.615,31.701,31.812,31.868,31.539,0,0,0
0,30.543,31.281,31.56,31.716,31.757,31.747,31.726,31.822,31.843,31.863,32.014,32.029,32.271,32.2,32.266,32.266,32.321,32.095,32.08,32.115,32.115,32.07,31.928,32.024,31.863,31.777,31.812,31.59,31.873,31.858,31.888,31.822,31.737,31.686,31.752,31.716,31.691,31.676,31.716,31.762,31.686,31.787,31.964,31.873,32.251,32.14,31.24,31.24,30.742,30.563,30.655,30.803,30.986,31.235,31.423,31.554,31.731,31.959,31.782,0,0,0
0,30.486,31.159,31.499,31.666,31.787,31.731,31.913,32.029,31.903,31.989,32.216,32.195,32.336,32.457,32.467,32.427,32.432,32.311,32.13,32.14,32.115,32.09,32.155,32.064,31.868,31.827,31.676,31.858,31.898,31.893,31.954,31.989,31.832,31.913,31.772,31.605,31.671,31.656,31.711,31.711,31.62,31.827,31.802,32.009,32.185,32.266,31.22,30.476,30.302,30.394,30.67,30.701,30.93,31.205,31.408,31.534,31.701,31.777,30.726,0,0,0
0,30.338,31.154,31.423,31.595,31.651,31.772,32.034,32.044,32.19,32.14,32.18,32.356,32.467,32.582,32.567,32.572,32.517,32.381,32.417,32.351,32.376,32.226,32.165,32.18,32.095,31.964,31.696,31.747,32.034,32.059,32.085,32.075,32.054,32.029,32.085,31.822,31.792,31.706,31.6,31.59,31.489,31.468,31.534,31.762,32.155,32.175,31.443,30.471,30.297,30.359,30.538,30.548,30.772,31.139,31.271,31.534,31.691,31.772,31.225,0,0,0
0,30.159,31.032,31.332,31.484,31.691,31.822,32.034,32.256,32.14,32.155,32.356,32.637,32.662,32.918,32.833,32.728,32.783,32.552,32.592,32.582,32.542,32.432,32.386,32.251,32.16,32.059,31.848,31.923,32.155,32.13,32.185,32.286,32.211,32.216,32.08,31.873,31.782,31.787,31.585,31.62,31.473,31.479,31.494,31.63,31.928,32.185,31.61,30.481,30.087,30.154,30.313,30.44,30.793,31.078,31.169,31.413,31.504,31.615,31.377,0,0,0
0,0,31.062,31.286,31.423,31.656,31.868,31.938,32.246,32.155,32.311,32.487,32.693,32.788,32.913,32.948,32.978,32.813,32.798,32.773,32.768,32.642,32.592,32.592,32.371,32.2,32.029,32.019,32.029,32.211,32.216,32.482,32.452,32.497,32.487,32.412,32.034,31.954,31.782,31.726,31.575,31.61,31.473,31.494,31.534,31.737,32.024,31.782,30.614,30.185,30.087,30.261,30.297,30.451,30.818,31.2,31.281,31.408,31.539,31.037,0,0,0
0,0,31.017,31.357,31.453,31.671,31.625,31.969,32.271,32.241,32.371,32.452,32.818,32.893,33.033,32.983,32.933,33.053,32.968,32.738,32.813,32.833,32.617,32.492,32.447,32.221,32.13,32.115,32.135,32.331,32.442,32.617,32.778,32.748,32.602,32.482,32.246,32.165,32.019,31.827,31.726,31.625,31.453,31.57,31.524,31.737,31.762,32.004,31.332,30.558,30.133,30.154,30.333,30.532,30.818,31.128,31.321,31.438,31.711,30.731,0,0,0
0,0,31.078,31.362,31.448,31.575,31.701,31.933,32.08,32.296,32.487,32.577,32.728,32.983,33.118,33.053,33.083,32.958,33.073,33.003,32.888,32.883,32.698,32.462,32.336,32.211,32.216,32.211,32.271,32.301,32.622,32.647,32.773,32.918,32.888,32.748,32.276,32.351,32.07,32.004,31.817,31.762,31.772,31.519,31.529,31.59,31.787,31.898,31.959,31.62,30.879,30.44,30.522,30.532,30.828,31.057,31.266,31.58,31.883,31.479,0,0,0
0,30.777,31.25,31.428,31.539,31.58,31.853,31.959,32.195,32.412,32.567,32.813,32.863,32.863,33.028,32.998,32.958,32.958,32.993,33.008,33.018,32.888,32.698,32.507,32.417,32.286,32.216,32.221,32.276,32.522,32.587,32.753,32.833,33.008,32.973,32.748,32.527,32.597,32.366,32.205,32.054,31.843,31.807,31.63,31.529,31.681,31.625,31.747,32.024,32.195,32.004,31.554,31.504,30.747,30.889,31.332,31.549,32.075,32.482,32.587,32.039,0,0
0,30.859,31.352,31.519,31.656,31.681,31.711,31.959,32.195,32.336,32.502,32.562,32.813,32.908,32.758,32.863,32.778,32.838,32.818,32.813,32.743,32.622,32.386,32.397,32.211,32.316,32.306,32.437,32.587,32.743,32.993,32.993,33.013,33.103,33.133,32.978,32.783,32.688,32.542,32.482,32.246,31.984,31.797,31.585,31.524,31.473,31.605,31.691,31.58,31.989,32.155,32.246,32.211,31.484,31.529,31.787,32.266,32.482,32.437,32.442,32.246,31.726,0
0,30.578,31.164,31.326,31.625,31.701,31.812,31.848,32.155,32.301,32.341,32.552,32.577,32.672,32.698,32.537,32.492,32.868,32.642,32.612,32.567,32.482,32.366,32.271,32.256,32.231,32.417,32.432,32.592,32.803,33.028,33.013,33.173,33.207,33.173,33.023,32.943,32.728,32.487,32.286,32.12,31.858,31.706,31.57,31.377,31.337,31.539,31.494,31.494,31.64,31.656,31.913,31.898,31.964,31.878,32.034,32.221,32.165,32.216,32.281,32.256,32.085,0
0,30.41,31.017,31.22,31.56,31.504,31.696,31.832,32.12,32.231,32.356,32.427,32.547,32.417,32.582,32.417,32.371,32.432,32.427,32.341,32.246,32.236,32.145,32.165,32.12,32.256,32.291,32.542,32.607,32.838,32.993,33.182,33.207,33.108,33.153,32.973,33.023,32.783,32.567,32.291,32.1,31.923,31.731,31.423,31.352,31.377,31.337,31.372,31.357,31.519,31.701,31.792,31.62,31.676,31.817,31.858,31.848,31.999,32.064,32.125,32.009,31.332,0
0,30.359,30.803,31.159,31.494,31.575,31.615,31.752,31.989,32.165,32.316,32.482,32.457,32.397,32.381,32.432,32.115,32.261,32.13,32.12,32.029,32.034,32.044,32.145,32.105,32.19,32.266,32.567,32.552,32.783,33.003,33.103,33.148,33.202,33.098,33.068,33.058,32.828,32.487,32.301,32.059,31.838,31.853,31.529,31.321,31.463,31.23,31.098,31.149,31.255,31.397,31.519,31.418,31.605,31.651,31.646,31.832,31.903,31.954,31.989,32.14,31.625,0
0,30.272,30.849,31.032,31.352,31.62,31.646,31.726,31.974,32.14,32.276,32.316,32.472,32.492,32.437,32.331,32.155,32.155,32.019,31.893,31.918,31.848,31.812,31.878,31.878,32.049,32.356,32.507,32.657,32.828,33.033,33.053,32.968,33.182,33.063,33.153,32.978,32.632,32.507,32.17,32.14,31.908,31.888,31.59,31.458,31.382,31.139,31.169,31.118,31.134,31.123,31.332,31.225,31.296,31.443,31.504,31.671,31.686,31.944,31.832,32.049,31.777,0
0,30.307,30.589,30.976,31.205,31.428,31.554,31.57,31.923,31.999,32.195,32.281,32.221,32.417,32.286,32.231,32.1,31.959,31.908,31.822,31.726,31.757,31.64,31.802,31.933,31.964,32.246,32.432,32.552,32.652,32.893,32.823,32.853,32.793,32.758,32.958,32.778,32.642,32.452,32.211,32.12,31.923,31.802,31.696,31.605,31.438,31.392,31.245,31.093,31.093,31.174,31.23,31.179,31.21,31.286,31.443,31.544,31.752,31.742,31.969,31.938,31.858,0
0,30.164,30.599,30.747,30.956,31.372,31.479,31.565,31.832,32.024,31.979,32.16,32.195,32.326,32.331,32.059,31.918,32.019,31.898,31.731,31.565,31.625,31.509,31.59,31.61,31.767,32.095,32.261,32.427,32.437,32.457,32.652,32.622,32.763,32.587,32.647,32.587,32.447,32.276,32.18,31.994,32.009,31.923,31.797,31.635,31.509,31.504,31.337,31.154,31.128,31.062,31.113,31.144,31.205,31.296,31.21,31.529,31.605,31.742,31.913,31.812,31.858,0
0,29.625,30.522,30.543,30.884,30.945,31.261,31.428,31.752,31.782,31.822,32.009,32.039,32.075,32.17,32.105,31.873,31.853,31.954,31.726,31.514,31.524,31.539,31.524,31.534,31.62,31.873,32.13,32.266,32.346,32.276,32.371,32.371,32.427,32.371,32.607,32.422,32.266,32.246,32.195,32.049,32.004,31.984,31.908,31.731,31.681,31.499,31.413,31.189,31.205,31.027,31.144,31.144,31.134,31.139,31.24,31.524,31.64,31.737,31.772,31.903,31.721,0
0,30.348,30.548,30.584,30.675,30.828,31.123,31.316,31.661,31.832,31.787,31.721,31.832,31.832,31.994,31.903,31.928,31.918,31.822,31.58,31.56,31.372,31.408,31.418,31.443,31.61,31.873,31.843,31.964,32.13,32.004,32.165,32.205,32.241,32.12,32.291,32.241,32.291,32.155,32.2,32.256,32.125,32.024,31.868,31.979,31.585,31.57,31.504,31.428,31.093,30.991,31.057,31.174,31.052,31.169,31.22,31.387,31.549,31.61,31.691,31.767,31.504,0
0,29.943,30.497,30.573,30.609,30.645,30.849,31.179,31.484,31.575,31.782,31.651,31.58,31.762,31.747,31.827,31.651,31.752,31.752,31.499,31.382,31.463,31.347,31.311,31.382,31.625,31.747,31.822,31.979,31.979,31.964,31.964,32.044,32.029,32.075,32.231,32.165,32.145,32.241,32.296,32.366,32.155,32.14,31.974,31.893,31.742,31.797,31.585,31.362,31.235,30.951,31.022,31.195,31.047,31.215,31.225,31.255,31.458,31.615,31.549,31.509,31.255,0
0,0,30.144,30.629,30.701,30.752,30.558,30.629,31.113,31.281,31.301,31.403,31.382,31.382,31.418,31.484,31.509,31.585,31.544,31.453,31.337,31.296,31.22,31.134,31.164,31.448,31.605,31.777,31.863,31.807,31.747,31.792,31.984,32.039,32.17,32.195,32.14,32.251,32.417,32.407,32.195,32.2,32.125,32.004,31.832,31.848,31.747,31.529,31.286,31.286,31.017,31.052,30.966,31.189,31.189,31.205,31.179,31.387,31.352,31.377,31.159,31.017,0
0,0,0,30.287,30.538,30.599,30.573,30.548,30.905,31.001,31.108,31.159,31.296,31.23,31.296,31.357,31.326,31.615,31.494,31.408,31.23,31.103,31.088,31.103,31.225,31.276,31.433,31.575,31.792,31.802,31.858,31.782,31.938,31.918,32.009,32.135,32.346,32.316,32.371,32.412,32.376,32.381,32.16,32.155,31.918,31.832,31.686,31.504,31.337,31.032,31.078,30.976,31.128,31.189,31.245,31.271,31.403,31.499,31.271,31.174,31.123,30.364,0
0,0,0,29.933,30.22,30.256,30.538,30.486,30.64,30.782,30.92,31.017,31.037,31.139,31.118,31.164,31.306,31.499,31.367,31.245,31.113,30.971,31.113,31.073,31.113,31.337,31.362,31.59,31.605,31.595,31.812,31.767,31.878,31.908,32.276,32.211,32.371,32.346,32.371,32.482,32.487,32.376,32.316,32.125,31.933,31.752,31.595,31.458,31.367,31.032,31.083,30.925,30.92,31.149,31.352,31.377,31.726,31.686,31.59,31.509,31.428,0,0
0,0,0,29.583,29.938,30.159,30.19,30.292,30.543,30.604,30.691,30.742,30.93,30.956,31.006,31.164,31.103,31.347,31.24,31.189,31.037,31.078,30.925,30.961,31.088,31.215,31.347,31.61,31.605,31.625,31.706,31.762,31.883,31.959,32.241,32.256,32.467,32.492,32.381,32.487,32.397,32.371,32.155,32.044,31.898,31.726,31.595,31.362,31.139,31.118,31.012,30.956,30.864,30.833,30.874,31.078,31.352,31.509,31.514,31.413,31.174,30.359,0
0,0,0,0,29.738,29.882,29.872,29.918,30.481,30.497,30.609,30.599,30.731,30.777,30.905,30.91,30.966,31.189,30.996,31.037,30.996,30.833,30.823,30.859,30.9,31.057,31.357,31.311,31.489,31.428,31.499,31.737,31.822,31.802,32.054,32.326,32.497,32.412,32.477,32.417,32.326,32.251,32.165,32.1,31.843,31.832,31.711,31.306,31.326,31.108,30.971,30.951,30.951,30.798,30.721,30.635,30.757,30.844,30.844,30.818,30.935,30.251,0
0,0,0,0,29.532,29.702,29.892,29.769,29.985,30.113,30.318,30.42,30.635,30.675,30.696,30.803,30.895,30.981,30.971,30.956,30.788,30.986,30.905,30.895,30.91,31.042,31.195,31.235,31.377,31.428,31.585,31.646,31.62,31.742,31.878,32.145,32.306,32.316,32.346,32.351,32.281,32.145,32.034,32.004,31.853,31.661,31.539,31.347,31.311,31.103,31.134,31.189,30.966,30.793,30.726,30.711,30.451,30.599,30.543,30.44,30.502,29.83,0
0,0,0,0,29.552,29.805,30.092,30.149,29.928,30.046,30.108,30.307,30.553,30.527,30.629,30.64,30.742,30.945,30.925,30.925,30.772,30.854,30.762,30.9,31.001,30.915,31.042,31.311,31.342,31.326,31.463,31.428,31.565,31.671,31.868,32.135,32.1,32.226,32.261,32.251,32.13,32.064,31.848,31.802,31.868,31.762,31.646,31.321,31.215,31.184,31.205,31.012,30.966,30.956,30.767,30.466,30.43,30.66,30.512,30.43,30.302,29.83,0
0,0,0,0,29.779,30.103,30.118,30.087,29.918,30.195,30.261,30.338,30.609,30.609,30.44,30.502,30.742,30.828,30.976,30.813,30.767,30.747,30.782,30.808,30.833,30.915,31.118,31.261,31.306,31.494,31.372,31.397,31.554,31.58,31.868,31.969,32.009,32.07,32.135,32.09,32.049,31.898,31.893,31.802,31.62,31.62,31.509,31.428,31.286,31.397,31.352,31.139,31.017,30.925,30.956,30.747,30.471,30.497,30.461,30.267,30,29.722,0
0,0,0,0,29.527,30.036,30.246,30.087,29.995,30.041,30.236,30.195,30.4,30.379,30.461,30.609,30.767,30.752,30.645,30.624,30.527,30.721,30.706,30.803,30.93,31.205,31.332,31.281,31.408,31.357,31.301,31.301,31.428,31.57,31.752,31.752,31.762,31.792,31.944,31.908,31.853,31.726,31.691,31.747,31.646,31.549,31.453,31.509,31.397,31.554,31.433,31.397,31.164,31.062,30.961,30.747,30.568,30.384,30.307,30.128,29.866,29.346,0
0,0,0,0,29.671,29.969,30.195,30.22,30.236,30.292,30.103,30.174,30.292,30.307,30.318,30.384,30.527,30.558,30.604,30.538,30.584,30.558,30.599,30.793,30.813,31.006,31.169,31.235,31.397,31.261,31.286,31.347,31.428,31.413,31.737,31.737,31.62,31.706,31.726,31.701,31.646,31.585,31.6,31.64,31.519,31.64,31.656,31.489,31.534,31.534,31.367,31.377,31.174,31.083,30.94,30.91,30.532,30.446,30.348,30.231,29.805,29.289,0
0,0,0,0,29.377,30.005,30.272,30.389,30.43,30.476,30.302,30.22,30.159,30.256,30.195,30.369,30.446,30.471,30.522,30.502,30.41,30.558,30.686,30.726,30.915,30.92,31.159,31.195,31.225,31.225,31.108,31.22,31.154,31.367,31.418,31.499,31.504,31.691,31.504,31.468,31.458,31.408,31.565,31.484,31.575,31.504,31.676,31.726,31.585,31.408,31.352,31.139,31.154,31.001,30.772,30.691,30.451,30.138,30.072,29.82,29.196,0,0
0,0,0,0,29.315,29.568,29.918,30.41,30.42,30.543,30.446,30.354,30.548,30.609,30.558,30.64,30.471,30.425,30.456,30.446,30.522,30.558,30.619,30.624,30.798,31.088,31.21,31.21,31.174,31.154,31.088,31.012,31.001,31.047,31.261,31.23,31.235,31.316,31.24,31.433,31.332,31.438,31.524,31.549,31.651,31.666,31.62,31.64,31.625,31.458,31.362,31.144,31.103,30.869,30.747,30.573,30.43,30.302,30.22,29.82,29.026,0,0
0,0,0,0,29.346,29.351,29.846,30.205,30.231,30.113,30.226,30.333,30.323,30.512,30.604,30.538,30.476,30.609,30.619,30.64,30.772,30.701,30.737,30.721,30.889,31.022,31.062,31.067,30.925,31.103,30.93,30.945,30.92,30.813,31.032,31.174,31.088,31.24,31.134,31.271,31.281,31.134,31.306,31.489,31.615,31.605,31.63,31.62,31.635,31.367,31.24,31.073,31.067,30.961,30.808,30.691,30.548,30.179,30.015,29.851,29.072,0,0
0,0,0,0,28.88,29.403,29.625,29.933,30.338,30.21,30.338,30.338,30.435,30.573,30.548,30.701,30.66,30.578,30.696,30.665,30.665,30.767,30.752,30.578,30.507,30.742,30.839,30.879,30.905,30.788,30.767,30.859,30.635,30.981,30.971,30.991,31.067,31.174,31.174,31.195,31.21,31.179,31.387,31.479,31.615,31.484,31.656,31.549,31.423,31.311,31.245,31.144,31.149,31.001,30.981,30.716,30.589,30.267,30.02,29.774,29.129,0,0
0,0,0,0,29.108,29.558,29.753,29.943,30.19,30.405,30.532,30.589,30.645,30.68,30.828,30.767,30.777,30.772,30.67,30.782,30.808,30.793,30.742,30.742,30.599,30.614,30.609,30.563,30.619,30.584,30.594,30.665,30.589,30.686,30.839,30.92,31.017,30.991,31.093,30.956,31.215,31.108,31.281,31.397,31.403,31.585,31.463,31.403,31.428,31.22,31.271,31.118,31.052,30.981,30.823,30.731,30.553,30.267,30.108,29.753,29.181,0,0
0,0,0,0,29.377,29.686,29.815,29.619,29.902,30.215,30.348,30.527,30.716,30.665,30.772,30.849,30.808,30.711,30.65,30.701,30.624,30.675,30.635,30.589,30.538,30.604,30.43,30.302,30.471,30.374,30.4,30.599,30.461,30.594,30.747,30.772,30.721,30.798,30.889,30.844,31.037,31.078,31.128,31.433,31.352,31.489,31.423,31.448,31.326,31.25,31.225,31.24,31.093,31.027,30.905,30.711,30.497,30.246,30.01,29.897,0,0,0
0,0,0,29.928,29.738,29.954,30.077,29.949,29.887,30.313,30.435,30.568,30.522,30.522,30.619,30.65,30.701,30.68,30.716,30.696,30.629,30.599,30.548,30.466,30.435,30.532,30.471,30.343,30.231,30.205,30.154,30.302,30.205,30.446,30.665,30.599,30.532,30.594,30.711,30.737,30.788,30.895,31.093,31.276,31.332,31.235,31.225,31.306,31.174,31.078,31.067,31.062,31.022,30.915,30.859,30.655,30.435,30.425,30.118,29.943,0,0,0
0,0,0,29.923,29.619,29.99,30.077,30.108,30.22,30.318,30.364,30.594,30.573,30.675,30.584,30.512,30.548,30.553,30.527,30.568,30.435,30.486,30.354,30.374,30.302,30.307,30.19,30.133,30.164,30.108,30.22,30.22,30.185,30.2,30.446,30.328,30.297,30.446,30.492,30.507,30.614,30.675,30.752,31.083,31.118,31.24,31.169,31.276,31.042,31.006,31.057,30.849,30.93,30.747,30.665,30.43,30.44,30.267,30.108,29.913,0,0,0
0,0,0,30.21,29.547,29.918,30.015,30.205,30.405,30.394,30.522,30.578,30.609,30.507,30.486,30.706,30.568,30.446,30.527,30.374,30.522,30.44,30.389,30.272,30.343,30.292,30.179,29.959,30.051,30.02,30.01,29.979,29.964,29.923,30.077,30.118,30.072,30.215,30.246,30.481,30.538,30.517,30.788,30.889,30.91,31.118,31.047,30.951,30.951,30.951,30.828,30.839,30.839,30.711,30.507,30.43,30.343,30.476,30.205,30.072,0,0,0
0,0,0,30.394,29.794,30.031,30.215,30.277,30.128,30.307,30.527,30.568,30.497,30.369,30.492,30.522,30.476,30.466,30.507,30.466,30.302,30.246,30.272,30.251,30.292,30.179,30.036,29.964,29.964,29.769,29.872,29.8,29.882,29.877,29.902,29.887,29.779,30.046,30.041,30.19,30.251,30.328,30.4,30.711,30.828,30.706,30.884,30.91,30.706,30.742,30.767,30.65,30.527,30.527,30.369,30.354,30.256,30.302,29.985,0,0,0,0
0,0,0,30.64,30.097,29.949,30.394,30.118,30.302,30.205,30.226,30.307,30.307,30.548,30.538,30.604,30.43,30.563,30.543,30.604,30.502,30.471,30.343,30.389,30.272,30.026,30.108,29.995,29.882,29.743,29.794,29.661,29.671,29.65,29.733,29.794,29.83,29.877,29.769,29.918,30.015,30.103,30.22,30.507,30.538,30.691,30.762,30.757,30.568,30.522,30.481,30.354,30.461,30.379,30.277,30.282,30.297,30.226,29.743,0,0,0,0
0,0,0,30.619,30.092,29.99,30.215,30.43,30.364,30.543,30.543,30.522,30.655,30.594,30.675,30.767,30.645,30.599,30.716,30.706,30.675,30.777,30.538,30.527,30.492,30.082,30.005,30,29.902,29.686,29.866,29.722,29.717,29.578,29.635,29.676,29.676,29.707,29.686,29.743,29.764,29.877,29.897,30.256,30.451,30.384,30.512,30.394,30.481,30.389,30.389,30.323,30.328,30.297,30.185,30.333,30.108,29.861,29.46,0,0,0,0
0,0,0,30.456,30.046,29.866,30.44,30.558,30.711,30.777,31.037,30.91,30.966,31.012,31.067,30.986,30.747,30.737,30.818,30.762,30.859,30.833,30.889,30.808,30.737,30.21,30.097,29.949,29.979,29.949,29.83,29.676,29.748,29.661,29.728,29.619,29.542,29.578,29.655,29.779,29.717,29.897,29.789,30.118,30.128,30.123,30.236,30.185,30.179,30.226,30.072,30,30.067,30.159,30.118,30.118,29.815,29.83,29.336,0,0,0,0
0,0,0,30.118,30.005,29.609,30.236,30.548,30.874,30.981,30.966,30.935,31.098,31.108,31.2,31.134,30.915,30.986,30.956,31.012,30.951,30.9,31.006,30.889,30.854,30.456,30.128,29.985,29.938,29.686,29.712,29.666,29.666,29.619,29.48,29.568,29.563,29.516,29.542,29.573,29.532,29.635,29.661,29.8,30.056,30.067,30.077,30.097,30.026,30.061,29.964,29.866,30.128,30.097,30.061,30.005,29.769,29.532,0,0,0,0,0
0,0,0,29.856,29.681,29.738,30.144,30.527,30.721,30.966,30.9,30.915,30.93,30.915,31.042,31.21,31.261,31.144,31.083,31.118,31.103,31.139,31.067,30.915,30.91,30.696,30.466,30.277,29.995,29.949,29.625,29.728,29.589,29.578,29.46,29.522,29.393,29.465,29.362,29.496,29.331,29.455,29.589,29.676,29.866,29.887,29.892,29.949,29.969,29.923,29.872,29.866,29.985,30.026,29.83,29.841,29.635,29.325,0,0,0,0,0
0,0,0,29.702,29.856,29.928,30.164,30.599,30.619,30.93,31.022,31.078,31.001,31.139,31.139,31.21,31.342,31.271,31.22,31.271,31.24,31.149,31.169,31.22,30.91,30.721,30.502,30.486,30.272,29.784,29.794,29.707,29.625,29.578,29.393,29.434,29.367,29.387,29.356,29.377,29.3,29.485,29.589,29.506,29.748,29.645,29.728,29.882,29.707,29.702,29.707,29.851,29.892,29.83,29.764,29.583,29.367,29.01,0,0,0,0,0
0,0,0,29.83,29.959,29.938,30.164,30.543,30.803,30.854,30.874,30.874,31.108,31.179,31.184,31.174,31.342,31.276,31.367,31.326,31.306,31.311,31.286,31.22,30.976,30.813,30.507,30.318,30.02,29.902,29.805,29.568,29.568,29.583,29.351,29.377,29.274,29.238,29.258,29.356,29.227,29.274,29.398,29.583,29.599,29.568,29.661,29.712,29.722,29.522,29.47,29.666,29.666,29.604,29.542,29.568,29.181,0,0,0,0,0,0
0,0,0,29.635,29.979,30.067,29.943,30.348,30.563,30.665,30.701,30.833,30.884,31.083,31.042,31.037,31.159,31.108,31.245,31.261,31.337,31.326,31.169,31.139,31.057,30.864,30.839,30.42,30.236,29.943,29.65,29.676,29.552,29.331,29.248,29.263,29.258,29.253,29.294,29.181,29.243,29.222,29.258,29.418,29.516,29.666,29.614,29.47,29.527,29.527,29.434,29.527,29.506,29.31,29.331,29.222,29.005,0,0,0,0,0,0
0,0,0,29.522,29.779,29.938,29.969,30.144,30.389,30.44,30.578,30.737,30.67,30.925,31.037,31.073,31.164,31.195,31.108,31.25,31.25,31.149,31.174,31.123,31.073,30.91,30.737,30.527,30.19,30.046,29.661,29.625,29.573,29.46,29.351,29.284,29.31,29.284,29.222,29.186,29.274,29.191,29.145,29.31,29.31,29.351,29.382,29.32,29.274,29.176,29.243,29.248,29.243,29.01,29.057,28.61,0,0,0,0,0,0,0
0,0,0,29.207,29.83,29.979,30.067,30.108,30.077,30.251,30.302,30.497,30.614,30.584,30.701,30.94,31.042,31.022,31.134,31.24,31.179,31.22,31.291,31.159,31.042,30.823,30.635,30.604,30.307,30.292,29.985,29.578,29.568,29.558,29.31,29.217,29.201,29.129,29.108,28.989,29.098,29.165,29.077,29.196,29.294,29.351,29.377,29.16,29.232,29.119,29.036,29.077,29.031,28.963,28.777,28.199,0,0,0,0,0,0,0
0,0,0,29.015,29.563,29.892,30.123,30.246,30.128,30.041,30.19,30.354,30.497,30.573,30.527,30.757,30.65,30.925,30.925,31.001,31.189,31.179,31.276,31.006,31.022,30.798,30.66,30.645,30.287,30.185,29.979,29.753,29.568,29.491,29.305,29.196,29.145,29.077,29.186,29.057,29.067,29.005,28.989,29.181,29.124,29.191,29.046,29.01,28.969,28.927,28.994,28.989,28.927,28.797,28.522,27.954,0,0,0,0,0,0,0
0,0,0,28.771,29.491,29.645,30.026,30.241,30.128,30.149,29.985,30.092,30.215,30.174,30.246,30.553,30.589,30.788,30.793,30.895,30.91,31.093,31.037,30.864,31.017,30.833,30.696,30.635,30.287,30.087,29.923,29.805,29.609,29.418,29.403,29.294,29.15,29.129,29.093,28.849,28.984,28.953,28.865,28.969,29.134,29.026,28.932,29.036,28.844,28.818,28.756,28.849,28.829,28.569,28.47,27.713,0,0,0,0,0,0,0
0,0,0,28.642,29.315,29.542,29.841,30.026,30.128,30.138,30.036,29.918,30.015,29.954,30.118,30.241,30.425,30.517,30.481,30.706,30.762,30.782,30.798,30.808,30.828,30.731,30.716,30.563,30.231,30.267,30.108,29.918,29.784,29.583,29.393,29.449,29.176,29.207,29.062,29.067,28.974,28.88,28.849,28.844,28.989,28.984,29.01,28.787,28.844,28.849,28.73,28.72,28.584,28.506,28.194,0,0,0,0,0,0,0,0
0,0,0,0,29.315,29.516,29.676,29.964,30.046,30.082,30.051,29.959,29.933,29.892,29.902,30.241,30.267,30.287,30.313,30.42,30.502,30.502,30.543,30.635,30.818,30.609,30.538,30.323,30.251,30.231,30.036,30.01,29.83,29.63,29.573,29.331,29.341,29.248,29.274,29.134,29.02,28.937,28.953,28.88,28.948,28.87,28.86,28.839,28.855,28.803,28.88,28.777,28.797,28.449,28.22,0,0,0,0,0,0,0,0
0,0,0,0,29.418,29.506,29.825,29.913,29.959,29.913,29.841,29.897,29.784,29.728,29.728,29.923,29.949,30.087,30.246,30.195,30.256,30.348,30.354,30.384,30.558,30.466,30.456,30.292,30.185,30.205,30.036,29.913,29.846,29.671,29.635,29.563,29.387,29.346,29.289,29.201,29.098,28.922,28.937,28.88,28.818,28.855,28.829,28.823,28.823,28.678,28.88,28.829,28.662,28.506,28.116,0,0,0,0,0,0,0,0
0,0,0,0,29.356,29.351,29.661,29.856,29.769,29.789,29.81,29.743,29.825,29.748,29.753,29.882,29.774,29.877,30.005,30.031,30.128,30.179,30.215,30.205,30.287,30.215,30.215,30.205,30.015,29.969,29.928,29.748,29.748,29.671,29.506,29.475,29.305,29.393,29.31,29.294,29.181,29.253,28.896,28.937,28.979,28.891,28.891,28.797,28.782,28.787,28.756,28.88,28.756,28.48,0,0,0,0,0,0,0,0,0
0,0,0,0,29.129,29.362,29.47,29.707,29.671,29.604,29.661,29.702,29.692,29.65,29.697,29.712,29.805,29.738,29.707,29.913,29.969,30.015,30.041,30.02,30.179,30.246,30.215,30.01,29.918,29.907,29.897,29.697,29.63,29.609,29.413,29.532,29.351,29.387,29.32,29.269,29.222,29.067,29.02,28.818,28.901,28.927,28.699,28.839,28.823,28.782,28.782,28.688,28.704,28.413,0,0,0,0,0,0,0,0,0
0,0,0,0,29.134,29.382,29.501,29.501,29.522,29.547,29.413,29.496,29.558,29.455,29.676,29.609,29.697,29.722,29.671,29.728,29.794,29.764,29.779,29.877,29.979,30.005,29.861,29.805,29.877,29.722,29.748,29.671,29.583,29.635,29.506,29.341,29.356,29.377,29.269,29.32,29.331,29.191,29.088,29.031,29.072,28.937,28.927,28.969,28.917,28.803,28.839,28.714,28.439,27.566,0,0,0,0,0,0,0,0,0
0,0,0,0,28.984,29.284,29.408,29.346,29.279,29.31,29.46,29.46,29.589,29.491,29.511,29.738,29.65,29.583,29.712,29.444,29.743,29.532,29.748,29.64,29.728,29.913,29.748,29.712,29.681,29.764,29.743,29.692,29.589,29.583,29.372,29.31,29.387,29.217,29.201,29.248,29.243,29.279,29.139,29.155,29.057,29.077,28.937,28.906,28.922,28.875,28.875,28.683,28.444,27.503,0,0,0,0,0,0,0,0,0
0,0,0,0,28.974,29.17,29.243,29.336,29.284,29.305,29.408,29.325,29.475,29.434,29.398,29.532,29.635,29.65,29.532,29.532,29.563,29.413,29.619,29.671,29.681,29.728,29.681,29.707,29.733,29.661,29.542,29.583,29.578,29.516,29.356,29.403,29.284,29.325,29.232,29.165,29.232,29.155,29.186,29.16,29.124,29.103,28.953,28.994,28.917,28.88,28.932,28.631,28.116,0,0,0,0,0,0,0,0,0,0
0,0,0,0,0,29.186,29.258,29.289,29.263,29.274,29.222,29.325,29.362,29.537,29.341,29.356,29.387,29.356,29.444,29.377,29.465,29.413,29.511,29.547,29.547,29.692,29.671,29.707,29.563,29.47,29.532,29.429,29.46,29.475,29.47,29.408,29.331,29.377,29.15,29.139,29.108,29.077,29.062,29.201,28.958,29.16,28.979,28.937,28.886,28.818,28.771,28.569,28.241,0,0,0,0,0,0,0,0,0,0
0,0,0,0,0,29,29.176,29.31,29.181,29.408,29.294,29.336,29.356,29.367,29.32,29.387,29.17,29.294,29.382,29.434,29.362,29.3,29.331,29.403,29.527,29.496,29.573,29.408,29.501,29.449,29.444,29.377,29.439,29.511,29.424,29.439,29.263,29.222,29.186,29.212,29.088,29.114,29.124,29.119,29.02,28.958,28.974,28.974,28.896,28.886,28.771,28.584,28.173,0,0,0,0,0,0,0,0,0,0
0,0,0,0,0,28.989,29.217,29.248,29.253,29.134,29.32,29.413,29.331,29.372,29.305,29.387,29.382,29.32,29.253,29.346,29.207,29.346,29.289,29.253,29.434,29.516,29.413,29.475,29.372,29.491,29.408,29.48,29.47,29.341,29.346,29.32,29.325,29.207,29.155,29.176,29.051,29.114,29.124,28.974,29.005,28.974,29.031,28.927,28.88,28.771,28.771,28.621,28.021,0,0,0,0,0,0,0,0,0,0
0,0,0,0,0,29.181,29.145,29.165,29.207,29.243,29.305,29.356,29.403,29.284,29.305,29.372,29.253,29.372,29.227,29.103,29.145,29.274,29.072,29.253,29.356,29.377,29.346,29.48,29.403,29.377,29.289,29.398,29.47,29.362,29.305,29.387,29.331,29.279,29.165,29.186,29.051,29.077,29.031,28.937,29.031,28.922,28.901,28.839,28.829,28.746,28.777,28.506,28.11,0,0,0,0,0,0,0,0,0,0
0,0,0,0,0,29.051,29.072,29.279,29.176,29.238,29.362,29.362,29.289,29.331,29.258,29.17,29.325,29.294,29.284,29.186,29.212,29.186,29.253,29.155,29.284,29.258,29.243,29.336,29.279,29.424,29.449,29.408,29.372,29.325,29.418,29.372,29.305,29.232,29.263,29.139,29.082,28.984,28.937,28.984,29.01,29,28.813,28.917,28.756,28.927,28.751,28.48,0,0,0,0,0,0,0,0,0,0,0
0,0,0,0,0,29.046,29.041,29.031,29.3,29.274,29.284,29.289,29.351,29.31,29.258,29.294,29.243,29.217,29.284,29.212,29.191,29.114,29.17,29.139,29.17,29.031,29.16,29.232,29.274,29.418,29.382,29.372,29.32,29.253,29.351,29.207,29.201,29.129,29.15,29.155,29.062,29.072,29.01,29.119,28.906,28.906,28.958,28.844,28.969,28.917,28.777,28.647,0,0,0,0,0,0,0,0,0,0,0
0,0,0,0,0,28.927,29.088,29.01,29.155,29.186,29.336,29.3,29.32,29.393,29.32,29.227,29.253,29.222,29.222,29.15,29.201,29.186,29.16,29.279,29.067,29.02,29.103,29.15,29.232,29.274,29.325,29.284,29.346,29.269,29.346,29.341,29.15,29.201,29.207,29.207,29.072,29.098,29.031,29.103,28.979,28.891,28.994,28.896,29.093,28.912,28.522,27.99,0,0,0,0,0,0,0,0,0,0,0
0,0,0,0,0,28.647,28.943,29.041,29.145,29.269,29.258,29.325,29.248,29.356,29.289,29.263,29.227,29.222,29.207,29.191,29.17,29.103,29.067,29.041,29.046,28.994,29.036,29.243,29.088,29.238,29.186,29.232,29.227,29.362,29.274,29.315,29.3,29.222,29.305,29.3,29.217,29.212,29.186,29.129,29.176,29.02,29.165,28.891,29.036,28.886,28.574,27.969,0,0,0,0,0,0,0,0,0,0,0
0,0,0,0,0,28.642,28.87,29.036,29.072,29.196,29.305,29.382,29.362,29.403,29.289,29.253,29.325,29.212,29.176,29.098,29.134,29.114,29.207,29.165,29.098,28.974,29.072,29.139,29.041,29.217,29.134,29.15,29.362,29.387,29.444,29.418,29.289,29.227,29.294,29.367,29.356,29.356,29.15,29.227,29.212,29.181,29.01,29.041,29.062,28.855,28.569,27.88,0,0,0,0,0,0,0,0,0,0,0
0,0,0,0,0,28.522,28.782,28.803,29.041,29.201,29.305,29.336,29.377,29.356,29.367,29.305,29.31,29.346,29.17,29.165,29.196,29.124,29.155,29.217,29.072,29.093,28.984,29.088,29.046,29.051,29.145,29.088,29.31,29.284,29.294,29.403,29.362,29.382,29.346,29.263,29.3,29.289,29.258,29.263,29.253,29.212,29.269,29.057,29.057,28.865,28.548,27.88,0,0,0,0,0,0,0,0,0,0,0
0,0,0,0,0,28.397,28.694,28.855,29.02,29.155,29.243,29.393,29.563,29.558,29.465,29.269,29.439,29.372,29.201,29.145,29.026,29.15,29.212,29.114,28.963,29.119,29.057,28.963,29.057,29.093,29.119,29.124,29.274,29.212,29.263,29.351,29.346,29.289,29.3,29.284,29.418,29.315,29.305,29.434,29.455,29.305,29.341,29.077,29.036,28.839,28.564,0,0,0,0,0,0,0,0,0,0,0,0
0,0,0,0,0,28.225,28.569,28.932,28.875,29.16,29.284,29.398,29.573,29.681,29.532,29.506,29.31,29.32,29.181,29.072,29.088,29.201,29.062,29.051,29.046,29.067,29.072,28.994,29.02,29.072,29.212,29.103,29.212,29.243,29.227,29.294,29.377,29.284,29.196,29.331,29.346,29.196,29.238,29.455,29.325,29.217,29.15,29.077,28.958,28.808,28.366,0,0,0,0,0,0,0,0,0,0,0,0
0,0,0,0,0,28.408,28.73,28.849,28.984,29.15,29.284,29.387,29.578,29.789,29.625,29.568,29.527,29.578,29.243,29.217,29.057,29.191,29.02,29.036,29.217,29.15,28.969,29.01,29.041,29.165,29.046,29.119,29.16,29.269,29.238,29.315,29.227,29.227,29.367,29.377,29.331,29.305,29.232,29.253,29.181,29.103,29.129,29.005,29.114,28.797,28.47,0,0,0,0,0,0,0,0,0,0,0,0
0,0,0,0,0,28.262,28.657,28.818,28.86,29.01,29.108,29.341,29.449,29.65,29.599,29.63,29.661,29.413,29.253,29.139,29.031,29.077,29.015,29.077,29.077,29.051,29.067,29.031,29.227,29.134,29.124,29.134,29.222,29.32,29.331,29.253,29.248,29.207,29.191,29.201,29.232,29.243,29.331,29.269,29.398,29.098,29.139,29.124,28.932,28.761,0,0,0,0,0,0,0,0,0,0,0,0,0
0,0,0,0,0,28.157,28.496,28.865,28.751,28.969,29.01,29.258,29.511,29.382,29.65,29.676,29.635,29.449,29.325,29.232,29.088,29.062,28.979,29.026,29.02,29.01,29.005,29.036,29.181,29.263,29.279,29.165,29.294,29.269,29.274,29.243,29.207,29.217,29.212,29.191,29.108,29.181,29.124,29.341,29.082,29.119,29.026,28.943,28.751,28.199,0,0,0,0,0,0,0,0,0,0,0,0,0
0,0,0,0,0,28.001,28.449,28.6,28.725,28.714,28.974,29.134,29.077,29.305,29.455,29.563,29.46,29.3,29.181,29.093,29.067,28.937,29.02,28.989,29.031,29.036,29.046,29,29.026,29.201,29.227,29.331,29.253,29.289,29.3,29.263,29.232,29.191,29.181,29.269,29.32,29.253,29.155,29.145,29.181,29.176,29.046,28.927,28.937,28.267,0,0,0,0,0,0,0,0,0,0,0,0,0
0,0,0,0,0,27.833,28.204,28.475,28.699,28.621,28.683,28.823,28.844,28.937,29.284,29.3,29.341,29.253,29.02,29.108,29.082,28.88,28.984,29.088,28.979,28.917,28.969,29.015,29.098,29.269,29.305,29.222,29.238,29.196,29.413,29.331,29.258,29.269,29.403,29.341,29.367,29.165,29.325,29.232,29.176,29.248,29.036,29.145,28.88,27.933,0,0,0,0,0,0,0,0,0,0,0,0,0
0,0,0,0,0,27.781,28.021,28.408,28.548,28.704,28.636,28.569,28.699,28.735,29.057,29.067,29.046,29.098,29.005,29.114,28.87,28.984,28.917,28.937,28.886,28.984,28.906,29.036,28.969,29.067,29.119,29.207,29.238,29.305,29.31,29.356,29.32,29.356,29.372,29.393,29.491,29.3,29.537,29.356,29.506,29.552,29.243,29.124,28.662,27.681,0,0,0,0,0,0,0,0,0,0,0,0,0
0,0,0,0,0,27.781,28.048,28.22,28.293,28.47,28.34,28.48,28.517,28.475,28.771,28.818,28.974,28.865,28.896,28.906,28.932,28.829,28.937,28.953,28.912,28.906,28.886,28.797,28.932,28.844,28.901,28.917,29.15,29.176,29.258,29.516,29.284,29.238,29.336,29.434,29.527,29.434,29.527,29.563,29.552,29.387,29.444,29.196,28.376,0,0,0,0,0,0,0,0,0,0,0,0,0,0
0,0,0,0,0,27.802,28.011,28.147,28.236,28.251,28.345,28.428,28.366,28.34,28.527,28.647,28.61,28.792,28.699,28.792,28.912,28.839,28.86,28.906,28.912,28.844,28.751,28.875,28.771,28.746,28.751,28.787,29.124,29.124,29.191,29.16,29.269,29.315,29.227,29.315,29.418,29.449,29.527,29.64,29.594,29.655,29.413,28.953,28.418,0,0,0,0,0,0,0,0,0,0,0,0,0,0
0,0,0,0,0,0,28.037,28.011,28.058,28.178,28.089,28.335,28.225,28.345,28.397,28.532,28.465,28.751,28.694,28.777,28.937,28.896,28.891,28.792,28.943,28.922,28.969,28.844,28.808,28.735,28.688,28.725,28.792,28.932,29.077,29.051,29.15,29.176,29.212,29.289,29.418,29.522,29.573,29.532,29.558,29.542,29.201,28.984,28.194,0,0,0,0,0,0,0,0,0,0,0,0,0,0
0,0,0,0,0,0,28.131,28.163,28.069,28.126,28.215,28.215,28.168,28.413,28.366,28.366,28.501,28.527,28.595,28.621,28.746,28.901,28.891,28.901,28.891,28.927,29.036,28.958,28.844,28.777,28.662,28.725,28.699,28.771,28.948,28.932,29.082,28.906,29.057,29.103,29.372,29.408,29.475,29.609,29.537,29.501,29.015,28.771,0,0,0,0,0,0,0,0,0,0,0,0,0,0,0
0,0,0,0,0,0,28.11,28.089,28.136,28.037,28.089,28.152,28.209,28.376,28.387,28.267,28.486,28.564,28.605,28.673,28.797,28.927,28.927,29,29.108,29.072,28.969,28.896,28.751,28.6,28.543,28.704,28.704,28.61,28.636,28.756,28.886,28.823,29,29.005,29.367,29.294,29.47,29.465,29.485,29.263,28.974,28.449,0,0,0,0,0,0,0,0,0,0,0,0,0,0,0
0,0,0,0,0,0,28.042,28.157,28.147,28.001,28.001,28.011,28.027,28.173,28.293,28.173,28.434,28.34,28.538,28.761,28.72,28.88,29.057,29.062,29.072,29.15,29.062,29,28.792,28.704,28.652,28.569,28.517,28.512,28.6,28.631,28.652,28.865,29.026,29.119,29.356,29.356,29.356,29.248,29.041,28.616,28.209,27.335,0,0,0,0,0,0,0,0,0,0,0,0,0,0,0
0,0,0,0,0,0,28.163,28.173,28.178,27.985,28.037,28.011,27.985,28.037,28.147,28.256,28.408,28.376,28.616,28.683,28.849,28.989,29.103,29.186,29.124,29.274,29.145,29.082,28.86,28.662,28.636,28.558,28.355,28.48,28.496,28.668,28.48,28.678,28.844,28.844,29.077,29.041,29.108,28.979,28.932,28.501,28.11,0,0,0,0,0,0,0,0,0,0,0,0,0,0,0,0
0,0,0,0,0,0,28.178,28.23,28.173,28.089,28.095,27.891,27.739,27.995,27.995,28.163,28.267,28.277,28.584,28.636,28.792,28.922,29.134,29.248,29.315,29.485,29.341,29.129,28.943,28.771,28.699,28.538,28.392,28.355,28.428,28.387,28.475,28.48,28.678,28.808,29,28.927,28.963,28.766,28.59,28.272,27.797,0,0,0,0,0,0,0,0,0,0,0,0,0,0,0,0
0,0,0,0,0,0,0,28.298,28.34,28.173,28.063,27.88,27.922,27.865,27.964,28.006,28.121,28.324,28.408,28.59,28.704,28.953,29.186,29.429,29.527,29.619,29.589,29.47,29.305,28.922,28.74,28.538,28.408,28.355,28.376,28.262,28.392,28.387,28.444,28.402,28.797,28.72,28.735,28.538,28.491,28.126,27.587,0,0,0,0,0,0,0,0,0,0,0,0,0,0,0,0
0,0,0,0,0,0,0,28.027,28.392,28.319,28.303,28.089,27.906,27.755,27.807,27.927,27.933,28.058,28.215,28.418,28.636,28.823,29.17,29.424,29.568,29.722,29.728,29.527,29.387,29.129,28.782,28.527,28.434,28.329,28.355,28.423,28.355,28.434,28.47,28.392,28.543,28.605,28.527,28.449,28.319,27.995,0,0,0,0,0,0,0,0,0,0,0,0,0,0,0,0,0
0,0,0,0,0,0,0,0,28.126,28.277,28.225,28.048,27.838,27.786,27.765,27.802,27.933,27.812,28.272,28.282,28.548,28.642,29.16,29.346,29.686,29.681,29.728,29.604,29.212,28.969,28.678,28.61,28.538,28.413,28.303,28.35,28.335,28.303,28.345,28.324,28.465,28.408,28.418,28.376,28.355,27.912,0,0,0,0,0,0,0,0,0,0,0,0,0,0,0,0,0
0,0,0,0,0,0,0,0,27.891,28.11,28.236,28.095,27.896,27.812,27.77,27.666,27.66,27.875,27.969,28.11,28.355,28.538,28.989,29.16,29.532,29.619,29.511,29.506,29.145,28.818,28.605,28.553,28.309,28.35,28.241,28.168,28.183,28.194,28.309,28.277,28.345,28.434,28.418,28.402,28.329,27.576,0,0,0,0,0,0,0,0,0,0,0,0,0,0,0,0,0
0,0,0,0,0,0,0,0,0,27.906,27.974,27.823,27.823,27.645,27.671,27.671,27.54,27.802,27.786,28.105,28.329,28.46,28.839,29.036,29.212,29.222,29.207,28.875,28.86,28.626,28.303,28.46,28.272,28.199,28.22,28.131,28.147,28.209,28.168,28.303,28.35,28.439,28.371,28.288,27.985,0,0,0,0,0,0,0,0,0,0,0,0,0,0,0,0,0,0
0,0,0,0,0,0,0,0,0,0,27.77,27.797,27.524,27.566,27.461,27.466,27.545,27.739,27.88,28.131,28.293,28.512,28.818,28.855,28.839,28.829,28.725,28.423,28.428,28.272,28.241,28.173,28.272,28.272,28.121,28.037,28.147,28.225,28.408,28.246,28.34,28.397,28.382,28.163,27.812,0,0,0,0,0,0,0,0,0,0,0,0,0,0,0,0,0,0
0,0,0,0,0,0,0,0,0,0,0,27.529,27.435,27.639,27.618,27.571,27.587,27.781,27.781,28.058,27.974,28.225,28.486,28.579,28.678,28.683,28.486,28.371,28.236,28.084,28.11,28.048,27.985,28.1,28.016,28.084,28.194,28.392,28.439,28.454,28.439,28.355,28.006,27.266,0,0,0,0,0,0,0,0,0,0,0,0,0,0,0,0,0,0,0
0,0,0,0,0,0,0,0,0,0,0,0,27.335,27.419,27.414,27.471,27.545,27.734,27.781,27.943,27.969,28.095,28.439,28.413,28.335,28.387,28.397,28.324,28.256,28.11,28.189,27.938,28.001,28.048,28.063,28.152,28.215,28.345,28.303,28.314,28.329,28.324,27.781,26.585,0,0,0,0,0,0,0,0,0,0,0,0,0,0,0,0,0,0,0
0,0,0,0,0,0,0,0,0,0,0,0,0,27.361,27.403,27.492,27.45,27.597,27.608,27.896,27.854,27.948,28.293,28.241,28.282,28.282,28.282,28.199,28.236,27.98,28.042,28.121,28.079,28.189,28.032,28.168,28.246,28.324,28.241,28.376,28.558,27.922,27.224,0,0,0,0,0,0,0,0,0,0,0,0,0,0,0,0,0,0,0,0
0,0,0,0,0,0,0,0,0,0,0,0,0,0,27.187,27.229,27.261,27.461,27.571,27.828,27.906,27.901,28.136,28.178,28.288,28.241,28.183,28.225,28.173,28.199,28.157,28.021,28.001,28.069,28.021,28.063,28.089,28.142,28.236,28.089,28.136,27.634,0,0,0,0,0,0,0,0,0,0,0,0,0,0,0,0,0,0,0,0,0
0,0,0,0,0,0,0,0,0,0,0,0,0,0,0,0,27.224,27.193,27.471,27.629,27.723,27.812,28.089,28.037,28.116,28.163,28.23,28.116,28.288,28.199,28.11,27.995,27.954,27.896,28.006,28.021,27.99,28.048,27.954,27.634,27.618,0,0,0,0,0,0,0,0,0,0,0,0,0,0,0,0,0,0,0,0,0,0
0,0,0,0,0,0,0,0,0,0,0,0,0,0,0,0,0,0,27.171,27.419,27.456,27.582,27.739,27.88,27.927,28.001,27.954,27.985,28.074,27.933,28.016,27.906,27.886,27.922,27.734,27.854,27.917,27.849,27.676,0,0,0,0,0,0,0,0,0,0,0,0,0,0,0,0,0,0,0,0,0,0,0,0
0,0,0,0,0,0,0,0,0,0,0,0,0,0,0,0,0,0,0,0,27.377,27.356,27.645,27.629,27.671,27.66,27.692,27.697,27.77,27.728,27.692,27.906,27.739,27.713,27.707,27.802,27.76,27.414,0,0,0,0,0,0,0,0,0,0,0,0,0,0,0,0,0,0,0,0,0,0,0,0,0
0,0,0,0,0,0,0,0,0,0,0,0,0,0,0,0,0,0,0,0,0,0,0,27.361,27.324,27.498,27.492,27.403,27.419,27.356,27.692,27.587,27.582,27.487,27.35,27.392,0,0,0,0,0,0,0,0,0,0,0,0,0,0,0,0,0,0,0,0,0,0,0,0,0,0,0
0,0,0,0,0,0,0,0,0,0,0,0,0,0,0,0,0,0,0,0,0,0,0,0,0,0,0,0,0,0,0,0,0,0,0,0,0,0,0,0,0,0,0,0,0,0,0,0,0,0,0,0,0,0,0,0,0,0,0,0,0,0,0
