0,0,0,0,0,0,0,0,0,0,0,0,0,0,0,0,0,0,0,0,0,0,0,0,0,0,0,0,0,0,0,0,0,0,0,0,0,0,0,0,0,0,0,0,0,0,0,0,0,0,0,0,0,0,0,0,0,0,0,0,0,0,0,0,0
0,0,0,0,0,0,0,0,0,0,0,0,22.117,21.973,22.167,22.316,22.272,22.101,22.051,0,0,0,0,0,0,0,0,0,0,0,0,0,0,0,0,0,0,0,0,0,0,0,0,0,0,0,0,0,0,0,0,0,0,0,0,0,0,0,0,0,0,0,0,0,0
0,0,0,0,0,0,0,0,0,0,0,22.15,22.172,22.156,22.211,22.305,22.25,22.2,22.184,22.034,0,0,0,0,0,0,0,0,0,0,0,0,0,0,0,0,0,0,0,0,0,0,0,0,0,0,0,0,0,0,0,0,0,0,0,0,0,0,0,0,0,0,0,0,0
0,0,0,0,0,0,0,0,0,0,21.924,22.067,22.123,22.2,22.117,22.206,22.228,22.283,22.178,22.156,22.189,0,0,0,0,0,0,0,0,0,0,0,0,0,0,0,0,0,0,0,0,0,0,0,0,0,0,0,0,0,0,0,0,0,0,0,0,0,0,0,0,0,0,0,0
0,0,0,0,0,0,0,0,0,21.951,21.996,22.101,22.073,22.2,22.139,22.233,22.172,22.288,22.156,22.222,22.233,22.255,0,0,0,0,0,0,0,0,0,0,0,0,0,0,0,0,0,0,0,0,0,0,0,0,0,0,0,0,0,0,0,0,0,0,0,0,0,0,0,0,0,0,0
0,0,0,0,0,0,0,0,22.117,22.084,22.134,22.195,22.067,22.145,22.128,22.09,22.056,22.156,22.2,22.266,22.388,22.283,22.261,0,0,0,0,0,0,0,0,0,0,0,0,0,0,0,0,0,0,0,0,0,0,0,0,0,0,0,0,0,0,0,0,0,0,0,0,0,0,0,0,0,0
0,0,0,0,0,0,0,0,22.15,22.134,22.123,22.161,22.117,22.056,22.095,22.029,22.189,22.079,22.195,22.283,22.36,22.333,22.305,22.448,0,0,0,0,0,0,0,0,0,0,0,0,0,0,0,0,0,0,0,0,0,0,0,0,0,0,0,0,0,0,0,0,0,0,0,0,0,0,0,0,0
0,0,0,0,0,0,0,22.195,22.333,22.217,22.106,22.095,22.09,22.101,22.04,22.172,22.15,22.36,22.266,22.299,22.316,22.465,22.459,22.294,22.377,0,0,0,0,0,0,0,0,0,0,0,0,0,0,0,0,0,0,0,0,0,0,0,0,0,0,0,0,0,0,0,0,0,0,0,0,0,0,0,0
0,0,0,0,0,0,0,22.294,22.25,22.062,22.228,22.15,22.272,22.184,22.217,22.211,22.211,22.261,22.222,22.355,22.344,22.426,22.536,22.366,22.437,0,0,0,0,0,0,0,0,0,0,0,0,0,0,0,0,0,0,0,0,0,0,0,0,0,0,0,0,0,0,0,0,0,0,0,0,0,0,0,0
0,0,0,0,0,0,22.228,22.426,22.322,22.377,22.272,22.261,22.228,22.305,22.211,22.382,22.239,22.399,22.333,22.344,22.404,22.443,22.443,22.663,22.547,22.432,0,0,0,22.023,22.04,22.023,22.123,21.946,0,0,0,0,0,0,0,0,0,0,0,0,0,0,0,0,0,0,0,0,0,0,0,0,0,0,0,0,0,0,0
0,0,0,0,0,0,22.261,22.503,22.487,22.404,22.211,22.432,22.239,22.327,22.388,22.377,22.454,22.349,22.377,22.509,22.443,22.454,22.624,22.646,22.63,22.586,22.305,22.123,22.195,22.084,22.079,22.029,22.15,22.062,21.99,22.034,0,0,0,0,0,0,0,0,0,0,0,0,0,0,0,0,0,0,0,0,0,0,0,0,0,0,0,0,0
0,0,0,0,0,0,22.575,22.608,22.575,22.536,22.404,22.487,22.404,22.371,22.569,22.432,22.448,22.613,22.564,22.509,22.454,22.564,22.641,22.657,22.74,22.564,22.349,22.184,22.073,21.996,22.123,22.294,22.228,22.184,22.079,22.007,22.178,0,0,0,0,0,0,0,0,0,0,0,0,0,0,0,0,0,0,0,0,0,0,0,0,0,0,0,0
0,0,0,0,0,22.729,22.663,22.641,22.586,22.547,22.602,22.597,22.569,22.663,22.624,22.503,22.531,22.536,22.547,22.646,22.547,22.712,22.723,22.652,22.8,22.657,22.36,22.288,22.415,22.272,22.288,22.316,22.322,22.244,21.99,22.023,21.962,21.957,0,0,0,0,0,0,0,0,0,0,0,0,0,0,0,0,0,0,0,0,0,0,0,0,0,0,0
0,0,0,0,0,22.767,22.674,22.718,22.696,22.613,22.547,22.597,22.685,22.63,22.646,22.63,22.619,22.613,22.707,22.531,22.608,22.855,22.762,22.872,22.707,22.652,22.399,22.338,22.233,22.233,22.272,22.283,22.288,22.211,22.139,22.079,22.056,22.012,22.062,0,0,0,0,0,0,0,0,0,0,0,0,0,0,0,0,0,0,0,0,0,0,0,0,0,0
0,0,0,0,0,22.915,22.811,22.762,22.756,22.696,22.85,22.767,22.63,22.833,22.822,22.641,22.63,22.866,22.679,22.877,22.685,22.872,23.003,22.855,23.058,22.806,22.421,22.371,22.244,22.206,22.272,22.178,22.338,22.305,22.084,22.15,22.172,22.056,22.106,22.045,0,0,0,0,0,0,0,0,0,0,0,0,0,0,0,0,0,0,0,0,0,0,0,0,0
0,0,0,0,0,23.014,22.85,22.8,22.894,22.817,22.74,22.915,22.718,22.767,22.806,22.861,22.85,22.926,22.894,22.795,22.948,22.932,22.943,22.976,22.872,22.657,22.553,22.333,22.217,22.266,22.294,22.344,22.41,22.161,22.294,22.333,22.189,22.123,22.062,22.084,22.09,21.841,0,0,0,0,0,0,0,0,0,0,0,0,0,0,0,0,0,0,0,0,0,0,0
0,0,0,0,22.981,22.954,23.02,22.894,22.992,22.789,22.828,22.926,22.926,22.866,22.888,22.861,22.905,22.905,22.888,22.943,23.025,22.915,22.976,23.052,23.091,22.877,22.586,22.454,22.344,22.432,22.366,22.426,22.344,22.355,22.393,22.371,22.161,22.156,22.012,22.023,22.001,21.985,21.979,21.841,0,0,0,0,0,0,0,0,0,0,0,0,0,0,0,0,0,0,0,0,0
0,0,0,0,22.992,23.052,23.014,23.113,23.036,23.031,22.97,22.866,23.042,22.915,22.883,22.915,22.943,22.877,22.905,22.937,22.987,23.167,23.107,23.047,23.096,22.839,22.641,22.415,22.338,22.349,22.36,22.299,22.333,22.31,22.316,22.294,22.305,22.255,22.112,22.112,22.073,21.968,21.962,22.007,21.94,0,0,0,0,0,0,0,0,0,0,0,0,0,0,0,0,0,0,0,0
0,0,0,0,23.124,23.113,23.151,23.124,23.009,23.047,23.047,23.074,23.003,22.992,23.069,22.987,23.025,23.074,23.102,23.102,23.031,23.063,23.124,23.091,23.288,23.096,22.866,22.531,22.602,22.487,22.426,22.437,22.36,22.426,22.299,22.382,22.305,22.36,22.195,22.156,21.996,22.112,22.101,22.128,21.924,21.99,0,0,0,0,0,0,0,0,0,0,0,0,0,0,0,0,0,0,0
0,0,0,0,23.146,23.239,23.162,23.211,23.239,23.271,23.063,23.178,23.107,23.08,23.173,23.025,23.162,23.14,23.184,23.129,23.124,23.249,23.189,23.184,23.239,23.184,22.921,22.575,22.646,22.41,22.349,22.487,22.377,22.58,22.47,22.514,22.382,22.399,22.233,22.167,22.106,22.117,22.161,22.117,21.996,21.99,21.929,0,0,0,0,0,0,0,0,0,0,0,0,0,0,0,0,0,0
0,0,0,0,23.239,23.189,23.31,23.233,23.085,23.239,23.288,23.342,23.195,23.096,23.195,23.173,23.37,23.233,23.178,23.124,23.2,23.2,23.277,23.397,23.304,23.146,22.91,22.696,22.701,22.679,22.542,22.492,22.487,22.371,22.47,22.432,22.41,22.322,22.189,22.117,22.184,22.084,22.112,22.101,21.951,22.029,22.029,21.946,0,0,0,0,0,0,0,0,0,0,0,0,0,0,0,0,0
0,0,0,0,23.299,23.271,23.408,23.293,23.364,23.293,23.2,23.342,23.239,23.2,23.228,23.244,23.206,23.277,23.222,23.277,23.304,23.457,23.402,23.386,23.419,23.063,22.915,22.932,22.652,22.734,22.531,22.558,22.487,22.47,22.569,22.404,22.344,22.454,22.283,22.344,22.195,22.189,22.195,22.012,22.018,22.051,22.001,21.985,21.935,0,0,0,0,0,0,0,0,0,0,0,0,0,0,0,0
0,0,0,0,23.364,23.413,23.304,23.364,23.239,23.249,23.408,23.293,23.375,23.304,23.271,23.304,23.408,23.315,23.37,23.277,23.413,23.501,23.615,23.691,23.506,22.948,23.058,23.151,22.767,22.657,22.553,22.63,22.553,22.459,22.421,22.415,22.52,22.338,22.399,22.619,22.244,22.134,22.161,22.023,22.018,21.985,22.04,21.924,21.973,0,0,0,0,0,0,0,0,0,0,0,0,0,0,0,0
0,0,0,0,23.375,23.413,23.479,23.473,23.331,23.397,23.517,23.397,23.452,23.544,23.419,23.413,23.402,23.517,23.517,23.561,23.571,23.501,23.708,23.697,23.375,23.025,23.43,23.222,23.063,22.866,22.674,22.668,22.69,22.613,22.597,22.564,22.564,22.542,22.586,22.371,22.25,22.25,22.2,22.189,22.128,22.117,22.056,22.045,21.929,21.913,0,0,0,0,0,0,0,0,0,0,0,0,0,0,0
0,0,0,0,23.506,23.49,23.604,23.533,23.473,23.424,23.446,23.326,23.555,23.544,23.561,23.561,23.577,23.495,23.561,23.555,23.582,23.653,23.697,23.577,23.036,23.124,23.561,23.37,23.184,23.014,22.756,22.965,22.85,22.965,22.905,23.091,22.822,22.679,22.597,22.377,22.294,22.134,22.288,22.217,22.327,22.222,22.2,22.31,22.029,21.841,21.857,0,0,0,0,0,0,0,0,0,0,0,0,0,0
0,0,0,0,23.642,23.675,23.708,23.588,23.626,23.631,23.522,23.593,23.697,23.522,23.806,23.767,23.746,23.675,23.789,23.691,23.691,23.767,23.822,23.353,22.624,23.304,23.854,23.778,23.55,23.337,23.009,22.965,23.167,23.228,23.413,23.697,23.135,22.756,22.586,22.492,22.283,22.355,22.443,22.239,22.393,22.459,22.189,22.139,21.996,21.896,21.863,21.985,0,0,0,0,0,0,0,0,0,0,0,0,0
0,0,0,0,23.517,23.675,23.675,23.642,23.67,23.621,23.637,23.659,23.773,23.903,23.767,23.827,23.74,23.882,23.974,23.838,23.849,23.914,23.724,23.036,22.31,23.244,24.001,24.017,23.931,23.599,23.468,23.293,23.784,23.854,23.914,23.74,23.2,22.591,22.553,22.492,22.316,22.454,22.432,22.371,22.299,22.305,22.333,22.15,21.913,21.946,21.885,21.924,21.973,0,0,0,0,0,0,0,0,0,0,0,0
0,0,0,0,23.67,23.854,23.67,23.8,23.806,23.637,23.735,23.909,24.028,24.007,24.072,24.001,24.066,23.833,24.039,24.137,24.055,24.055,23.49,22.404,22.36,23.189,24.234,24.25,24.169,24.099,23.854,23.637,24.131,24.131,24.267,23.876,23.009,23.009,22.751,22.564,22.536,22.498,22.448,22.613,22.454,22.327,22.487,22.47,22.327,22.051,22.045,22.018,22.029,21.913,0,0,0,0,0,0,0,0,0,0,0
0,0,0,0,23.909,23.909,23.947,23.854,23.844,24.039,23.958,24.104,24.278,24.24,24.305,24.283,24.213,24.213,24.126,24.164,24.429,24.207,23.952,22.789,22.299,22.283,23.402,24.402,24.521,24.337,24.272,24.202,24.326,24.391,24.483,24.51,23.865,23.042,22.877,22.718,22.586,22.481,22.553,22.542,22.619,22.377,22.558,22.52,22.393,22.134,21.94,22.04,21.913,21.863,21.94,0,0,0,0,0,0,0,0,0,0
0,0,0,0,23.195,23.871,24.131,23.925,24.007,24.012,24.023,24.169,24.278,24.391,24.294,24.391,24.364,24.407,24.359,24.461,24.391,24.397,23.604,22.514,22.266,22.404,23.898,24.715,24.634,24.51,24.602,24.413,24.564,24.71,24.747,24.661,23.402,23.052,23.036,22.756,22.718,22.652,22.712,22.652,22.69,22.564,22.674,22.448,22.393,21.99,21.863,22.04,21.874,21.868,21.901,21.863,0,0,0,0,0,0,0,0,0
0,0,0,0,23.397,24.039,24.299,24.213,24.18,24.202,24.288,24.218,24.537,24.472,24.472,24.488,24.526,24.634,24.559,24.737,24.769,24.688,23.708,22.569,22.305,22.789,24.131,24.882,24.855,24.844,24.71,24.58,24.726,24.758,24.817,24.164,23.151,23.074,22.987,22.992,22.784,22.74,22.811,22.745,22.817,22.608,22.701,22.663,22.189,22.067,22.012,21.996,21.973,21.968,21.896,21.946,0,0,0,0,0,0,0,0,0
0,0,0,0,23.67,24.283,24.413,24.332,24.37,24.445,24.472,24.429,24.758,24.71,24.694,24.796,24.742,24.812,24.753,25.038,25,24.99,24.034,22.657,22.448,22.959,24.737,25.081,25.006,24.85,24.78,24.785,24.914,24.855,24.979,24.196,23.063,23.299,23.337,23.282,22.943,22.899,22.981,22.954,22.899,22.981,23.025,22.855,22.481,22.244,22.018,21.879,21.951,21.835,21.913,21.973,21.929,0,0,0,0,0,0,0,0
0,0,0,0,24.007,24.353,24.451,24.472,24.618,24.656,24.672,24.661,24.914,24.909,24.963,25.006,24.893,24.968,24.963,25.14,25.317,25.403,24.364,23.003,22.833,23.729,25.14,25.14,25.017,25.038,25.065,24.807,25.07,25.011,24.968,24.045,22.981,23.31,23.822,23.555,23.266,23.102,23.304,23.239,23.2,23.239,23.37,22.558,22.255,22.062,22.023,21.968,22.101,22.018,21.946,21.89,21.924,0,0,0,0,0,0,0,0
0,0,0,0,24.218,24.618,24.375,24.64,24.731,24.801,24.764,24.893,24.952,24.963,24.984,24.99,25.027,25.022,25.033,25.36,25.381,25.505,24.71,23.719,23.577,24.742,25.51,25.414,25.339,25.183,25.076,25.097,25.274,25.306,25.092,24.142,23.129,23.762,24.164,24.017,23.686,23.533,23.626,23.392,23.348,23.359,23.151,22.547,22.184,22.123,22.062,22.062,22.145,22.073,21.973,21.979,21.962,21.918,0,0,0,0,0,0,0
0,0,0,0,24.586,24.586,24.726,24.742,24.742,24.769,24.984,25.06,25.043,25.043,25.135,25.14,25.124,25.188,25.253,25.344,25.424,25.585,25.408,25.065,24.995,25.376,25.553,25.494,25.397,25.29,25.253,25.263,25.247,25.435,25.376,24.596,23.806,24.51,24.613,24.321,23.974,23.713,23.806,23.827,23.757,23.468,22.773,22.377,22.327,22.266,22.106,22.023,22.178,22.101,22.079,22.139,22.161,21.913,0,0,0,0,0,0,0
0,0,0,0,24.645,24.78,24.801,24.785,24.882,24.974,24.893,25.011,25.119,25.14,25.086,25.108,25.086,25.14,25.344,25.397,25.478,25.472,25.387,25.462,25.537,25.553,25.579,25.515,25.344,25.547,25.414,25.285,25.43,25.397,25.365,25.253,24.871,25.102,24.914,24.553,24.418,24.191,24.169,24.088,24.207,23.435,22.734,22.558,22.344,22.25,22.244,22.15,22.206,22.211,22.139,22.172,22.15,21.907,21.89,0,0,0,0,0,0
0,0,0,0,24.72,24.817,24.877,24.979,24.968,24.904,24.947,25.145,25.102,25.033,25.038,25.043,25.119,25.274,25.28,25.306,25.424,25.29,25.317,25.488,25.488,25.537,25.355,25.542,25.478,25.365,25.403,25.28,25.328,25.451,25.462,25.451,25.424,25.322,25.038,24.914,24.688,24.467,24.656,24.602,24.207,23.277,22.745,22.52,22.355,22.322,22.349,22.228,22.382,22.316,22.316,22.316,22.355,22.437,22.117,21.924,0,0,0,0,0
0,0,0,0,24.914,24.861,24.887,25.006,25.011,24.947,25.043,25.033,25.043,25.027,25.172,25.194,25.017,25.076,25.119,25.167,25.269,25.376,25.392,25.376,25.446,25.371,25.381,25.494,25.483,25.349,25.274,25.296,25.194,25.397,25.397,25.397,25.333,25.397,25.306,25.226,25.038,24.764,24.909,24.78,24.677,24.321,23.424,22.696,22.547,22.465,22.393,22.327,22.421,22.454,22.41,22.349,22.388,22.382,22.101,21.962,0,0,0,0,0
0,0,0,0,24.823,24.909,25,24.947,24.925,24.968,24.963,25.017,24.957,24.957,24.914,24.995,24.995,25.027,24.936,25.145,25,25.253,25.167,25.194,25.333,25.237,25.317,25.296,25.392,25.414,25.344,25.36,25.221,25.29,25.36,25.494,25.451,25.397,25.397,25.306,25.113,25.065,25.129,25.033,24.855,24.44,23.468,22.921,22.624,22.712,22.564,22.421,22.531,22.503,22.459,22.41,22.377,22.509,22.228,22.195,22.001,0,0,0,0
0,0,0,0,25,25.049,25.006,24.861,24.974,24.914,24.925,25.017,24.952,25.043,24.855,24.882,24.93,24.93,24.952,24.866,24.968,25.065,25.145,25.178,25.339,25.312,25.317,25.371,25.29,25.317,25.242,25.274,25.274,25.355,25.312,25.231,25.408,25.451,25.376,25.322,25.274,25.178,25.194,25.194,25,24.175,23.397,23.091,22.866,22.69,22.751,22.69,22.663,22.679,22.564,22.536,22.608,22.465,22.487,22.31,22.007,0,0,0,0
0,0,0,0,24.936,24.904,24.861,24.855,24.898,24.914,24.936,24.947,24.882,24.963,24.904,24.871,24.925,24.909,24.887,24.984,25.022,25.162,25.21,25.258,25.328,25.371,25.339,25.397,25.355,25.312,25.242,25.403,25.263,25.253,25.247,25.242,25.355,25.387,25.339,25.296,25.317,25.194,25.328,25.43,24.909,24.169,23.566,23.321,23.135,22.937,22.833,22.723,22.745,22.734,22.773,22.822,22.613,22.487,22.31,22.222,22.189,0,0,0,0
0,0,0,0,25.054,24.974,24.936,24.861,24.877,24.963,24.834,25.011,24.882,24.904,24.909,24.93,24.941,25.027,24.974,24.995,25.113,25.043,25.247,25.301,25.328,25.258,25.339,25.322,25.296,25.231,25.29,25.365,25.242,25.312,25.29,25.339,25.258,25.204,25.328,25.339,25.328,25.322,25.14,25.242,25.06,24.402,24.077,23.887,23.588,23.107,22.954,22.915,23.036,22.888,22.85,22.85,22.668,22.569,22.415,22.371,22.244,22.178,0,0,0
0,0,0,0,25.006,24.898,24.887,24.963,24.904,24.898,24.941,24.952,24.925,24.817,24.93,24.93,24.893,25.017,24.92,25.102,25.188,25.135,25.21,25.28,25.328,25.301,25.29,25.36,25.296,25.349,25.263,25.183,25.237,25.215,25.28,25.263,25.28,25.344,25.333,25.301,25.269,25.306,25.247,25.371,25.215,24.747,24.704,24.31,23.914,23.522,23.211,23.222,23.446,23.206,22.877,22.751,22.553,22.536,22.47,22.465,22.503,22.106,0,0,0
0,0,0,25.097,24.963,24.909,24.941,24.936,24.823,24.898,24.882,24.812,24.93,24.941,25.017,25.017,25.097,25.086,25.081,25.204,25.135,25.317,25.21,25.355,25.365,25.435,25.371,25.414,25.306,25.333,25.221,25.339,25.247,25.28,25.312,25.349,25.317,25.247,25.258,25.317,25.258,25.285,25.231,25.253,25.339,25.113,25.119,24.747,24.175,24.034,23.664,23.724,23.67,23.299,22.866,22.8,22.701,22.547,22.459,22.443,22.371,22.288,22.161,0,0
0,0,0,25.124,25.011,25.017,24.93,24.877,24.925,24.877,24.909,24.866,24.941,25,24.979,25.129,25.119,25.145,25.145,25.231,25.328,25.349,25.285,25.446,25.44,25.462,25.44,25.317,25.403,25.349,25.237,25.355,25.408,25.301,25.215,25.237,25.333,25.258,25.242,25.242,25.204,25.253,25.312,25.344,25.344,25.414,25.204,24.968,24.629,24.332,24.034,24.05,23.626,23.195,22.976,22.905,22.817,22.613,22.608,22.569,22.399,22.344,22.426,0,0
0,0,0,25.065,25.102,25.033,24.92,24.909,24.914,24.893,24.979,24.93,24.93,25.124,25.102,25.172,25.237,25.199,25.221,25.263,25.339,25.333,25.301,25.355,25.483,25.365,25.472,25.376,25.376,25.387,25.221,25.392,25.408,25.392,25.381,25.28,25.392,25.296,25.328,25.397,25.221,25.226,25.135,25.124,25.253,25.119,25.188,25.076,25.006,24.58,24.31,24.305,23.773,23.151,23.009,22.877,22.811,22.844,22.641,22.668,22.476,22.586,22.525,0,0
0,0,0,25.194,25.102,24.952,24.957,24.871,24.914,24.92,25.086,25.033,25.043,25.049,25.097,25.237,25.14,25.231,25.355,25.29,25.467,25.44,25.488,25.376,25.472,25.456,25.414,25.397,25.36,25.467,25.387,25.344,25.414,25.349,25.344,25.285,25.285,25.349,25.21,25.28,25.274,25.231,25.076,25.162,25.237,25.135,25.194,25.21,25.162,24.952,24.764,24.467,23.729,23.729,23.271,23.189,22.822,22.981,22.866,22.674,22.652,22.619,22.734,0,0
0,0,25.231,25.178,25.033,24.941,24.936,24.984,24.936,25.011,24.968,25.043,25.119,25.253,25.135,25.162,25.322,25.435,25.355,25.478,25.467,25.451,25.392,25.467,25.488,25.446,25.462,25.456,25.622,25.521,25.456,25.483,25.505,25.51,25.488,25.451,25.301,25.381,25.392,25.29,25.253,25.178,25.263,25.151,25.086,24.957,25.102,25.054,25.14,25.178,24.99,25.076,24.769,23.936,23.528,23.052,23.069,22.926,22.866,22.844,22.712,22.668,22.729,22.679,0
0,0,25.102,25.215,25.14,25.06,24.936,24.974,24.952,25.097,25.081,25.054,25.076,25.167,25.167,25.21,25.29,25.494,25.419,25.419,25.462,25.419,25.43,25.601,25.563,25.526,25.521,25.494,25.537,25.478,25.542,25.483,25.51,25.654,25.542,25.478,25.494,25.381,25.521,25.499,25.306,25.151,25.221,25.086,25.086,25.017,25.033,25.092,25.092,25.049,25.183,25.167,24.769,24.082,23.446,23.244,23.102,22.981,22.948,22.926,22.915,22.976,22.718,22.679,0
0,0,25.253,25.274,25.274,25.162,25.043,24.92,24.952,24.898,25.022,25.124,25.129,25.365,25.392,25.387,25.381,25.483,25.494,25.617,25.654,25.515,25.526,25.526,25.595,25.462,25.488,25.526,25.622,25.569,25.569,25.654,25.563,25.617,25.472,25.462,25.531,25.505,25.462,25.43,25.424,25.296,25.21,25.162,25.017,24.984,24.968,25.027,25.065,25.086,25.231,25.237,24.807,24.175,23.642,23.359,23.228,23.129,22.932,23.058,22.899,22.91,22.943,22.701,0
0,0,25.339,25.365,25.269,25.188,25.06,25.043,25.102,25.043,25.097,25.108,25.253,25.505,25.419,25.478,25.617,25.521,25.713,25.724,25.644,25.708,25.724,25.563,25.59,25.601,25.505,25.483,25.708,25.697,25.697,25.638,25.622,25.569,25.569,25.67,25.483,25.579,25.494,25.322,25.328,25.29,25.081,25.172,25.011,24.968,25.038,24.909,25.06,25.124,25.231,25.253,25.108,24.472,24.05,23.61,23.353,23.211,23.178,23.113,23.074,22.932,22.943,22.734,0
0,0,25.296,25.253,25.274,25.296,25.226,25.263,25.113,25.102,25.172,25.242,25.387,25.542,25.478,25.526,25.67,25.708,25.697,25.676,25.697,25.66,25.521,25.686,25.601,25.569,25.574,25.494,25.649,25.761,25.724,25.718,25.713,25.729,25.756,25.66,25.553,25.537,25.483,25.408,25.451,25.263,25.162,25.076,24.974,24.99,25.011,25.011,24.941,25.054,25.178,25.215,25.086,24.553,24.18,23.838,23.452,23.233,23.206,23.129,23.167,22.965,23.014,22.597,0
0,25.36,25.306,25.339,25.333,25.269,25.178,25.162,25.178,25.226,25.312,25.355,25.397,25.595,25.697,25.729,25.793,25.697,25.841,25.809,25.777,25.862,25.579,25.83,25.681,25.681,25.569,25.617,25.836,25.857,25.793,25.761,25.734,25.777,25.724,25.676,25.681,25.649,25.397,25.478,25.419,25.424,25.242,25.092,25.065,25.006,24.93,25.097,25,24.984,25.097,25.065,25.054,24.855,24.569,24.088,23.713,23.571,23.342,23.282,23.2,23.266,23.031,22.272,0
0,25.36,25.408,25.408,25.322,25.226,25.296,25.247,25.247,25.263,25.392,25.505,25.521,25.681,25.825,25.665,25.953,25.878,25.916,25.916,25.926,25.921,25.756,25.734,25.729,25.718,25.814,25.734,25.809,25.814,25.9,25.884,25.814,25.942,25.729,25.628,25.686,25.547,25.505,25.435,25.237,25.376,25.333,25.135,24.99,25.027,25.022,24.968,25.022,24.974,25.017,25.172,25.038,25.038,24.882,24.472,23.963,23.708,23.49,23.419,23.304,23.239,22.998,22.305,0
0,25.499,25.483,25.312,25.435,25.253,25.36,25.306,25.365,25.28,25.553,25.569,25.686,25.836,25.724,25.83,25.91,25.953,26.129,25.889,26.086,25.958,25.921,25.889,25.964,25.926,26.044,25.852,26.028,26.049,26.022,25.894,25.841,25.926,25.676,25.729,25.644,25.67,25.478,25.569,25.494,25.317,25.242,25.199,25.065,25.022,24.984,24.979,24.99,24.952,24.974,25.049,25.027,24.904,25.022,24.634,24.256,23.985,23.719,23.539,23.386,23.386,22.767,22.056,0
0,0,0,0,0,0,0,0,0,0,0,0,0,0,0,0,0,0,0,0,0,0,0,25.996,25.836,25.996,26.118,26.044,26.054,26.07,26.118,25.98,25.937,25.82,25.756,25.734,25.633,25.638,25.537,25.462,25.494,25.247,25.247,25.151,25.092,25.097,24.99,25.022,24.877,24.785,24.855,25.038,25.065,24.796,24.855,24.699,24.38,24.001,23.708,23.599,23.441,23.321,22.575,21.951,0
0,0,0,0,0,0,0,0,0,0,0,0,0,0,0,0,0,0,0,0,0,0,0,26.07,26.022,26.102,26.086,26.086,26.075,26.24,26.246,25.99,26.022,25.889,25.814,25.729,25.718,25.547,25.521,25.456,25.494,25.231,25.199,25.135,25.156,25.076,24.936,24.968,24.898,24.742,24.731,24.731,24.801,24.823,24.704,24.807,24.623,24.575,24.148,23.952,23.806,23.561,23.348,22.586,0
0,0,0,0,0,0,0,0,0,0,0,0,0,0,0,0,0,0,0,0,0,0,0,26.272,26.182,26.214,26.299,26.107,26.278,26.267,26.272,26.017,26.017,26.075,26.038,25.889,25.841,25.649,25.563,25.483,25.381,25.392,25.397,25.231,25.199,24.995,25.092,25.017,24.974,24.947,24.952,24.791,24.791,24.828,24.613,24.672,24.569,24.553,24.37,24.148,23.958,23.849,23.375,22.492,0
0,0,0,0,0,0,0,0,0,0,0,0,0,0,0,0,0,0,0,0,0,0,0,26.442,26.41,26.447,26.309,26.347,26.389,26.299,26.309,26.235,26.038,26.24,25.996,26.001,25.814,25.67,25.611,25.676,25.526,25.51,25.376,25.247,25.263,25.178,24.968,25.135,25.006,24.85,24.796,24.715,24.764,24.548,24.553,24.434,24.434,24.407,24.223,24.164,24.039,23.871,23.413,22.646,0
0,0,0,0,0,0,0,0,0,0,0,0,0,0,0,0,0,0,0,0,0,0,0,26.559,26.68,26.612,26.49,26.495,26.548,26.532,26.463,26.442,26.139,26.193,26.118,26.006,25.9,25.798,25.697,25.734,25.628,25.397,25.414,25.43,25.172,25.172,25.221,25.011,25.017,24.914,24.877,24.823,24.731,24.656,24.424,24.472,24.413,24.326,24.126,24.169,24.039,24.045,23.49,22.685,0
0,0,0,0,0,0,0,0,0,0,0,0,0,0,0,0,0,0,0,0,0,0,0,26.728,26.813,26.622,26.823,26.765,26.537,26.484,26.458,26.341,26.336,26.331,26.113,26.086,25.942,25.745,25.718,25.638,25.579,25.521,25.376,25.424,25.269,25.285,25.178,25.129,25.038,24.904,24.861,24.839,24.715,24.569,24.478,24.494,24.37,24.207,24.24,24.148,24.093,24.023,23.561,22.806,0
0,0,0,0,0,0,0,0,0,0,0,0,0,0,0,0,0,0,0,0,0,0,0,26.823,26.839,26.696,26.818,26.77,26.866,26.77,26.463,26.463,26.278,26.187,26.171,26.102,26.022,25.878,25.82,25.729,25.59,25.558,25.333,25.36,25.199,25.221,25.221,25.151,25.011,25.076,24.866,24.893,24.65,24.488,24.505,24.467,24.24,24.202,24.142,24.18,23.996,24.072,23.767,23.151,0
0,0,0,0,0,0,0,0,0,0,0,0,0,0,0,0,0,0,0,0,0,0,0,26.918,26.887,26.755,27.003,26.813,26.829,26.844,26.628,26.511,26.357,26.331,26.203,25.948,25.969,25.91,25.91,25.75,25.558,25.558,25.435,25.424,25.322,25.199,25.167,25.027,24.909,24.952,24.844,24.629,24.656,24.542,24.564,24.407,24.278,24.234,24.126,24.12,24.017,24.001,23.936,23.266,0
0,0,0,0,0,0,0,0,0,0,0,0,0,0,0,0,0,0,0,0,0,0,0,26.918,26.966,27.045,26.913,26.929,26.834,26.797,26.707,26.532,26.442,26.368,26.304,26.012,25.98,25.958,25.836,25.622,25.633,25.574,25.392,25.317,25.344,25.221,25.151,25.049,25.011,24.904,24.844,24.672,24.688,24.445,24.461,24.434,24.272,24.245,24.191,24.185,24.099,24.099,24.023,23.321,0
0,0,0,0,0,0,0,0,0,0,0,0,0,0,0,0,0,0,0,0,0,0,0,26.902,27.077,27.092,27.04,26.976,26.987,26.807,26.659,26.543,26.442,26.389,26.315,26.145,26.038,26.033,25.777,25.83,25.628,25.574,25.365,25.322,25.36,25.387,25.178,25.086,25.06,24.92,24.882,24.677,24.774,24.515,24.434,24.332,24.218,24.12,24.164,24.158,24.05,23.974,24.007,23.582,0
0,0,0,0,0,0,0,0,0,0,0,0,0,0,0,0,0,0,0,0,0,0,0,27.008,27.14,26.998,27.029,26.95,26.934,26.881,26.797,26.606,26.484,26.389,26.331,26.224,26.155,26.033,25.937,25.878,25.676,25.558,25.483,25.328,25.274,25.221,25.247,25.108,25.065,25.065,24.85,24.861,24.737,24.548,24.429,24.472,24.272,24.278,24.218,24.218,24.229,24.034,24.082,23.631,0
0,0,0,0,0,0,0,0,0,0,0,0,0,0,0,0,0,0,0,0,0,0,0,27.124,27.229,27.171,27.208,27.05,27.056,26.892,26.786,26.638,26.612,26.362,26.4,26.272,26.272,26.022,25.894,25.873,25.547,25.521,25.478,25.328,25.322,25.344,25.167,25.065,25.06,25.043,25.043,24.974,24.801,24.661,24.623,24.467,24.386,24.234,24.348,24.223,24.153,24.137,24.126,24.05,0
0,0,0,0,0,0,0,0,0,0,0,0,0,0,0,0,0,0,0,0,0,0,0,27.182,27.34,27.166,27.145,27.029,27.045,26.887,26.887,26.717,26.744,26.511,26.484,26.389,26.278,26.208,26.139,25.926,25.916,25.697,25.628,25.494,25.44,25.36,25.355,25.221,25.178,25.102,24.952,24.941,24.817,24.758,24.526,24.505,24.51,24.31,24.326,24.24,24.12,24.153,24.142,24.137,0
0,0,0,0,0,0,0,0,0,0,0,0,0,0,0,0,0,0,0,0,0,0,0,27.282,27.392,27.214,27.319,27.245,27.245,27.061,26.961,26.902,26.717,26.569,26.596,26.421,26.267,26.198,26.086,26.054,25.889,25.649,25.505,25.494,25.462,25.339,25.419,25.408,25.178,24.99,24.984,25.011,25.027,24.758,24.559,24.424,24.418,24.359,24.24,24.148,24.207,24.104,24.11,24.045,0
0,0,0,0,0,0,0,0,0,0,0,0,0,0,0,0,0,0,0,0,0,0,0,27.324,27.382,27.366,27.398,27.282,27.272,27.071,27.034,26.929,26.691,26.522,26.569,26.537,26.384,26.097,26.054,25.921,25.814,25.638,25.66,25.462,25.579,25.606,25.446,25.296,25.274,25.14,25.054,25.054,24.807,24.715,24.494,24.353,24.353,24.294,24.278,24.191,24.115,24.099,24.18,24.045,0
0,0,0,0,0,0,0,0,0,0,0,0,0,0,0,0,0,0,0,0,0,0,0,27.54,27.482,27.461,27.445,27.503,27.177,27.156,27.056,26.945,26.929,26.723,26.575,26.522,26.368,26.224,26.081,25.91,25.878,25.782,25.628,25.563,25.579,25.59,25.499,25.365,25.247,25.145,24.914,24.909,24.99,24.688,24.548,24.537,24.386,24.375,24.223,24.158,24.104,24.126,24.202,24.045,0
0,0,0,0,0,0,0,0,0,0,0,0,0,0,0,0,0,0,0,0,0,0,0,27.513,27.498,27.461,27.435,27.356,27.398,27.198,27.008,27.082,26.792,26.659,26.696,26.527,26.484,26.421,26.123,25.948,25.926,25.868,25.638,25.622,25.67,25.387,25.403,25.333,25.215,25.178,25.027,24.92,24.909,24.656,24.553,24.413,24.342,24.402,24.261,24.175,24.153,24.12,24.082,24.104,0
0,0,0,0,0,0,0,0,0,0,0,0,0,0,0,0,0,0,0,0,0,0,0,27.603,27.587,27.524,27.634,27.387,27.387,27.24,27.114,27.003,26.929,26.807,26.707,26.59,26.479,26.336,26.214,26.044,25.985,25.75,25.724,25.563,25.494,25.579,25.505,25.36,25.269,25.258,25.011,24.952,24.866,24.715,24.65,24.456,24.288,24.451,24.18,24.294,24.153,24.185,24.25,24.137,0
0,0,0,0,0,0,0,0,0,0,0,0,0,0,0,0,0,0,0,0,0,0,0,27.713,27.765,27.597,27.66,27.613,27.45,27.371,27.272,27.082,26.924,26.876,26.755,26.744,26.527,26.32,26.293,26.049,26.102,25.878,25.772,25.531,25.553,25.419,25.397,25.333,25.113,25.092,24.861,24.801,24.855,24.677,24.667,24.526,24.418,24.38,24.218,24.267,24.093,24.072,24.18,24.099,0
0,0,0,0,0,0,0,0,0,0,0,0,0,0,0,0,0,0,0,0,0,0,0,27.833,27.838,27.791,27.639,27.686,27.508,27.519,27.203,27.177,27.04,26.929,26.902,26.792,26.564,26.453,26.347,26.193,26.129,25.964,25.948,25.644,25.644,25.317,25.36,25.204,25.231,25.022,24.947,24.877,24.726,24.694,24.586,24.548,24.402,24.37,24.283,24.169,24.11,24.088,24.261,0,0
0,0,0,0,0,0,0,0,0,0,0,0,0,0,0,0,0,0,0,0,0,0,0,28.006,27.891,27.77,27.791,27.702,27.645,27.44,27.314,27.145,27.171,27.013,26.982,26.739,26.76,26.606,26.368,26.309,26.054,26.001,25.868,25.793,25.734,25.526,25.371,25.237,25.247,25.006,24.979,24.957,24.817,24.526,24.661,24.505,24.348,24.305,24.256,24.299,24.223,24.185,24.223,0,0
0,0,0,0,0,0,0,0,0,0,0,0,0,0,0,0,0,0,0,0,0,0,0,27.969,27.791,27.901,27.833,27.718,27.681,27.529,27.382,27.287,27.198,27.082,27.019,26.712,26.829,26.537,26.484,26.304,26.208,26.001,25.889,25.777,25.547,25.547,25.414,25.231,25.231,25.188,25.065,24.995,24.769,24.747,24.677,24.629,24.51,24.591,24.413,24.299,24.213,24.196,24.24,0,0
0,0,0,0,0,0,0,0,0,0,0,0,0,0,0,0,0,0,0,0,0,0,0,27.938,27.974,28.032,27.901,27.718,27.718,27.749,27.718,27.576,27.34,27.324,27.25,27.019,26.945,26.792,26.67,26.49,26.293,26.139,26.166,26.182,25.921,25.734,25.542,25.478,25.285,25.076,25.038,25.07,24.92,24.785,24.753,24.677,24.591,24.44,24.305,24.278,24.272,24.055,24.223,0,0
0,0,0,0,0,0,0,0,0,0,0,0,0,0,0,0,0,0,0,0,0,0,0,27.964,28.142,28.016,27.912,28.011,27.875,27.87,27.671,27.456,27.419,27.335,27.135,27.05,26.961,26.934,26.665,26.575,26.442,26.347,26.246,26.134,25.985,25.825,25.745,25.467,25.387,25.296,25.081,25.081,24.92,24.812,24.747,24.607,24.515,24.51,24.256,24.375,24.337,24.288,24.305,0,0
0,0,0,0,0,0,0,0,0,0,0,0,0,0,0,0,0,0,0,0,0,0,0,27.964,28.168,28.037,28.063,27.964,27.838,27.749,27.76,27.77,27.513,27.461,27.092,27.24,27.029,27.05,26.707,26.802,26.596,26.495,26.304,26.113,26.06,25.884,25.686,25.521,25.435,25.355,25.124,25.017,24.963,24.914,24.753,24.726,24.586,24.564,24.386,24.445,24.305,24.278,24.315,0,0
0,0,0,0,0,0,0,0,0,0,0,0,0,0,0,0,0,0,0,0,0,0,0,28.011,28.204,28.074,28.11,28.215,28.006,27.791,27.749,27.66,27.498,27.371,27.361,27.135,27.214,27.024,26.797,26.77,26.617,26.532,26.442,26.198,26.155,26.012,25.734,25.611,25.456,25.242,25.36,25.017,24.995,24.904,24.71,24.661,24.677,24.532,24.505,24.526,24.359,24.294,0,0,0
0,0,0,0,0,0,0,0,0,0,0,0,0,0,0,0,0,0,0,0,0,0,0,28.053,28.225,28.147,28.126,28.048,27.948,27.87,27.755,27.676,27.624,27.529,27.366,27.282,27.056,26.924,26.945,26.76,26.622,26.49,26.362,26.203,26.086,25.916,25.777,25.75,25.686,25.371,25.344,25.156,24.995,25.06,25.043,24.801,24.861,24.688,24.418,24.488,24.37,24.391,0,0,0
0,0,0,0,0,0,0,0,0,0,0,0,0,0,0,0,0,0,0,0,0,0,0,28.189,28.225,28.069,28.215,28.105,27.995,27.938,27.933,27.77,27.608,27.508,27.408,27.282,27.14,27.203,26.982,26.829,26.765,26.617,26.426,26.288,26.017,25.953,25.793,25.825,25.595,25.649,25.333,25.237,25.188,25.011,25.054,24.877,24.688,24.629,24.645,24.58,24.575,24.537,0,0,0
0,0,0,0,0,0,0,0,0,0,0,0,0,0,0,0,0,0,0,0,0,0,0,28.23,28.105,28.236,28.126,28.053,28.089,27.974,27.954,27.77,27.639,27.54,27.466,27.419,27.34,27.198,26.966,26.955,26.702,26.628,26.384,26.272,26.182,26.097,25.836,25.777,25.579,25.435,25.376,25.263,25.221,24.99,25.14,24.947,24.817,24.731,24.72,24.667,24.607,24.607,0,0,0
0,0,0,0,0,0,0,0,0,0,0,0,0,0,0,0,0,0,0,0,0,0,0,28.204,28.288,28.189,28.079,28.074,27.98,27.985,27.99,27.755,27.66,27.634,27.466,27.377,27.287,27.119,27.177,26.855,26.744,26.628,26.442,26.357,26.123,26.129,25.953,25.793,25.756,25.585,25.403,25.339,25.237,25.065,25.027,24.93,24.78,24.764,24.834,24.623,24.602,24.586,0,0,0
0,0,0,0,0,0,0,0,0,0,0,0,0,0,0,0,0,0,0,0,0,0,0,28.147,28.163,28.084,28.084,28.089,28.058,27.891,27.791,27.781,27.707,27.561,27.471,27.55,27.245,27.308,26.992,26.971,26.739,26.617,26.532,26.378,26.208,26.107,25.996,25.83,25.681,25.606,25.553,25.36,25.355,25.06,25.06,25.006,24.968,24.774,24.769,24.78,24.645,24.623,0,0,0
0,0,0,0,0,0,0,0,0,0,0,0,0,0,0,0,0,0,0,0,0,0,0,28.157,28.225,28.042,28.215,28.163,28.11,28.069,27.901,27.948,27.744,27.723,27.566,27.382,27.366,27.219,27.135,26.881,26.781,26.659,26.543,26.458,26.208,26.038,26.038,25.916,25.9,25.558,25.67,25.483,25.381,25.21,25.269,25.258,25.017,24.936,24.952,24.904,24.85,24.882,0,0,0
0,0,0,0,0,0,0,0,0,0,0,0,0,0,0,0,0,0,0,0,0,0,0,28.199,28.173,28.173,28.173,27.98,28.053,28.011,28.069,27.933,27.901,27.797,27.676,27.55,27.429,27.282,27.266,27.177,26.955,26.823,26.717,26.59,26.421,26.193,26.044,25.953,25.921,25.782,25.729,25.563,25.365,25.183,25.215,25.162,25.226,24.995,25,24.968,25.043,0,0,0,0
0,0,0,0,0,0,0,0,0,0,0,0,0,0,0,0,0,0,0,0,0,0,0,28.048,28.256,28.189,28.194,28.209,28.069,28.126,28.058,27.964,27.776,27.713,27.634,27.65,27.54,27.45,27.398,27.161,26.95,26.881,26.691,26.59,26.362,26.331,26.07,25.878,25.793,25.724,25.531,25.579,25.414,25.456,25.215,25.269,25.253,25.054,25.113,25.124,25.135,0,0,0,0
0,0,0,0,0,0,0,0,0,0,0,0,0,0,0,0,0,0,0,0,0,0,0,28.204,28.131,28.209,28.11,28.069,28.147,28.095,28.225,28.042,27.943,27.807,27.781,27.692,27.534,27.44,27.245,27.129,27.034,26.723,26.717,26.606,26.368,26.288,26.113,25.98,25.921,25.66,25.585,25.633,25.595,25.414,25.237,25.456,25.215,25.247,25.253,25.129,25.092,0,0,0,0
0,0,0,0,0,0,0,0,0,0,0,0,0,0,0,0,0,0,0,0,0,0,0,28.152,28.22,28.23,28.126,28.209,28.121,28.126,28.058,27.964,27.954,27.755,27.671,27.666,27.508,27.513,27.303,27.087,27.019,26.807,26.866,26.59,26.341,26.23,26.145,26.054,25.772,25.761,25.611,25.547,25.558,25.51,25.403,25.36,25.301,25.162,25.285,25.119,25.145,0,0,0,0
0,0,0,0,0,0,0,0,0,0,0,0,0,0,0,0,0,0,0,0,0,0,0,28.23,28.225,28.194,28.199,28.183,28.204,28.084,28.116,27.969,27.901,27.744,27.723,27.734,27.503,27.492,27.34,27.045,27.045,26.802,26.712,26.569,26.373,26.203,26.129,25.996,25.852,25.782,25.74,25.585,25.558,25.499,25.424,25.29,25.43,25.312,25.349,25.285,24.963,0,0,0,0
0,0,0,0,0,0,0,0,0,0,0,0,0,0,0,0,0,0,0,0,0,0,0,28.241,28.157,28.251,28.309,28.168,28.063,28.11,28.037,27.985,27.938,27.781,27.723,27.624,27.471,27.461,27.219,27.108,26.987,26.776,26.633,26.543,26.479,26.288,26.198,25.958,26.065,25.766,25.75,25.676,25.574,25.574,25.574,25.451,25.408,25.446,25.43,25.349,0,0,0,0,0
0,0,0,0,0,0,0,0,0,0,0,0,0,0,0,0,0,0,0,0,0,0,0,28.225,28.256,28.183,28.157,28.178,28.189,27.964,28.157,27.896,27.88,27.786,27.629,27.681,27.424,27.345,27.193,27.114,26.866,26.813,26.638,26.41,26.394,26.214,26.23,26.038,26.06,25.75,25.761,25.804,25.601,25.483,25.44,25.579,25.515,25.537,25.579,25.242,0,0,0,0,0
0,0,0,0,0,0,0,0,0,0,0,0,0,0,0,0,0,0,0,0,0,0,0,28.194,28.225,28.163,28.241,28.11,28.22,27.922,27.954,27.964,27.854,27.812,27.713,27.571,27.503,27.282,27.182,27.061,26.881,26.612,26.606,26.389,26.251,26.219,26.102,25.958,25.91,25.964,25.718,25.713,25.67,25.644,25.67,25.654,25.724,25.681,25.553,25.247,0,0,0,0,0
0,0,0,0,0,0,0,0,0,0,0,0,0,0,0,0,0,0,0,0,0,0,0,28.189,28.272,28.236,28.147,28.168,28.053,28.016,28.048,28.021,27.917,27.828,27.676,27.666,27.424,27.303,27.203,26.913,26.918,26.691,26.532,26.453,26.357,26.23,26.177,26.033,25.905,25.921,25.868,25.74,25.798,25.702,25.654,25.702,25.67,25.66,25.654,24.871,0,0,0,0,0
0,0,0,0,0,0,0,0,0,0,0,0,0,0,0,0,0,0,0,0,0,0,0,28.183,28.194,28.131,28.121,28.209,28.027,28.021,27.954,27.901,27.875,27.728,27.723,27.44,27.361,27.287,27.177,26.976,26.686,26.622,26.458,26.479,26.479,26.24,26.187,26.171,26.262,26.044,26.001,25.937,25.777,25.702,25.756,25.857,25.83,25.756,25.622,0,0,0,0,0,0
0,0,0,0,0,0,0,0,0,0,0,0,0,0,0,0,0,0,0,0,0,0,0,28.163,28.163,28.142,28.204,28.069,28.058,28.069,28.069,27.959,27.948,27.718,27.76,27.608,27.492,27.408,27.187,27.114,26.818,26.797,26.696,26.649,26.437,26.41,26.155,26.166,26.001,26.038,25.969,26.012,25.82,25.836,25.862,25.9,25.772,25.772,25.702,0,0,0,0,0,0
0,0,0,0,0,0,0,0,0,0,0,0,0,0,0,0,0,0,0,0,0,0,0,28.209,28.236,28.116,28.23,28.042,28.053,28.11,27.99,28.011,27.844,27.797,27.671,27.676,27.524,27.314,27.198,27.013,26.834,26.68,26.675,26.643,26.331,26.362,26.075,26.198,26.06,25.953,25.98,25.894,25.756,25.857,25.772,25.83,25.862,25.782,25.676,0,0,0,0,0,0
0,0,0,0,0,0,0,0,0,0,0,0,0,0,0,0,0,0,0,0,0,0,0,28.298,28.267,28.209,28.173,28.236,28.1,28.048,28.048,28.048,27.838,27.828,27.807,27.576,27.424,27.366,27.066,27.04,26.813,26.675,26.59,26.426,26.431,26.32,26.23,26.214,25.953,25.985,25.964,25.884,25.916,25.9,25.868,25.868,25.83,25.729,0,0,0,0,0,0,0
0,0,0,0,0,0,0,0,0,0,0,0,0,0,0,0,0,0,0,0,0,0,0,28.194,28.105,28.173,28.215,28.11,28.074,28.032,28.006,27.948,27.838,27.797,27.723,27.508,27.303,27.235,27.034,26.839,26.749,26.559,26.5,26.5,26.368,26.203,26.193,26.187,26.075,26.033,25.905,25.873,25.958,25.862,25.814,25.836,25.756,25.686,0,0,0,0,0,0,0
0,0,0,0,0,0,0,0,0,0,0,0,0,0,0,0,0,0,0,0,0,0,0,28.089,28.142,28.163,28.215,28.069,28.069,28.069,27.927,27.901,27.77,27.755,27.639,27.44,27.419,27.303,27.05,26.86,26.887,26.675,26.394,26.469,26.4,26.304,26.246,26.299,26.139,26.033,26.017,25.873,25.878,25.82,25.852,25.814,25.894,25.617,0,0,0,0,0,0,0
0,0,0,0,0,0,0,0,0,0,0,0,0,0,0,0,0,0,0,0,0,0,0,0,0,0,0,0,0,0,0,0,0,0,0,0,0,0,0,0,0,0,0,0,0,0,0,0,0,0,0,0,0,0,0,0,0,0,0,0,0,0,0,0,0
0,0,0,0,0,0,0,0,0,0,0,0,0,0,0,0,0,0,0,0,0,0,0,0,0,0,0,0,0,0,0,0,0,0,0,0,0,0,0,0,0,0,0,0,0,0,0,0,0,0,0,0,0,0,0,0,0,0,0,0,0,0,0,0,0
0,0,0,0,0,0,0,0,0,0,0,0,0,0,0,0,0,0,0,0,0,0,0,0,0,0,0,0,0,0,0,0,0,0,0,0,0,0,0,0,0,0,0,0,0,0,0,0,0,0,0,0,0,0,0,0,0,0,0,0,0,0,0,0,0
0,0,0,0,0,0,0,0,0,0,0,0,0,0,0,0,0,0,0,0,0,0,0,0,0,0,0,0,0,0,0,0,0,0,0,0,0,0,0,0,0,0,0,0,0,0,0,0,0,0,0,0,0,0,0,0,0,0,0,0,0,0,0,0,0
0,0,0,0,0,0,0,0,0,0,0,0,0,0,0,0,0,0,0,0,0,0,0,0,0,0,0,0,0,0,0,0,0,0,0,0,0,0,0,0,0,0,0,0,0,0,0,0,0,0,0,0,0,0,0,0,0,0,0,0,0,0,0,0,0
0,0,0,0,0,0,0,0,0,0,0,0,0,0,0,0,0,0,0,0,0,0,0,0,0,0,0,0,0,0,0,0,0,0,0,0,0,0,0,0,0,0,0,0,0,0,0,0,0,0,0,0,0,0,0,0,0,0,0,0,0,0,0,0,0
0,0,0,0,0,0,0,0,0,0,0,0,0,0,0,0,0,0,0,0,0,0,0,0,0,0,0,0,0,0,0,0,0,0,0,0,0,0,0,0,0,0,0,0,0,0,0,0,0,0,0,0,0,0,0,0,0,0,0,0,0,0,0,0,0
0,0,0,0,0,0,0,0,0,0,0,0,0,0,0,0,0,0,0,0,0,0,0,0,0,0,0,0,0,0,0,0,0,0,0,0,0,0,0,0,0,0,0,0,0,0,0,0,0,0,0,0,0,0,0,0,0,0,0,0,0,0,0,0,0
0,0,0,0,0,0,0,0,0,0,0,0,0,0,0,0,0,0,0,0,0,0,0,0,0,0,0,0,0,0,0,0,0,0,0,0,0,0,0,0,0,0,0,0,0,0,0,0,0,0,0,0,0,0,0,0,0,0,0,0,0,0,0,0,0
0,0,0,0,0,0,0,0,0,0,0,0,0,0,0,0,0,0,0,0,0,0,0,0,0,0,0,0,0,0,0,0,0,0,0,0,0,0,0,0,0,0,0,0,0,0,0,0,0,0,0,0,0,0,0,0,0,0,0,0,0,0,0,0,0
0,0,0,0,0,0,0,0,0,0,0,0,0,0,0,0,0,0,0,0,0,0,0,0,0,0,0,0,0,0,0,0,0,0,0,0,0,0,0,0,0,0,0,0,0,0,0,0,0,0,0,0,0,0,0,0,0,0,0,0,0,0,0,0,0
0,0,0,0,0,0,0,0,0,0,0,0,0,0,0,0,0,0,0,0,0,0,0,0,0,0,0,0,0,0,0,0,0,0,0,0,0,0,0,0,0,0,0,0,0,0,0,0,0,0,0,0,0,0,0,0,0,0,0,0,0,0,0,0,0
0,0,0,0,0,0,0,0,0,0,0,0,0,0,0,0,0,0,0,0,0,0,0,0,0,0,0,0,0,0,0,0,0,0,0,0,0,0,0,0,0,0,0,0,0,0,0,0,0,0,0,0,0,0,0,0,0,0,0,0,0,0,0,0,0
0,0,0,0,0,0,0,0,0,0,0,0,0,0,0,0,0,0,0,0,0,0,0,0,0,0,0,0,0,0,0,0,0,0,0,0,0,0,0,0,0,0,0,0,0,0,0,0,0,0,0,0,0,0,0,0,0,0,0,0,0,0,0,0,0
0,0,0,0,0,0,0,0,0,0,0,0,0,0,0,0,0,0,0,0,0,0,0,0,0,0,0,0,0,0,0,0,0,0,0,0,0,0,0,0,0,0,0,0,0,0,0,0,0,0,0,0,0,0,0,0,0,0,0,0,0,0,0,0,0
0,0,0,0,0,0,0,0,0,0,0,0,0,0,0,0,0,0,0,0,0,0,0,0,0,0,0,0,0,0,0,0,0,0,0,0,0,0,0,0,0,0,0,0,0,0,0,0,0,0,0,0,0,0,0,0,0,0,0,0,0,0,0,0,0
0,0,0,0,0,0,0,0,0,0,0,0,0,0,0,0,0,0,0,0,0,0,0,0,0,0,0,0,0,0,0,0,0,0,0,0,0,0,0,0,0,0,0,0,0,0,0,0,0,0,0,0,0,0,0,0,0,0,0,0,0,0,0,0,0
0,0,0,0,0,0,0,0,0,0,0,0,0,0,0,0,0,0,0,0,0,0,0,0,0,0,0,0,0,0,0,0,0,0,0,0,0,0,0,0,0,0,0,0,0,0,0,0,0,0,0,0,0,0,0,0,0,0,0,0,0,0,0,0,0
0,0,0,0,0,0,0,0,0,0,0,0,0,0,0,0,0,0,0,0,0,0,0,0,0,0,0,0,0,0,0,0,0,0,0,0,0,0,0,0,0,0,0,0,0,0,0,0,0,0,0,0,0,0,0,0,0,0,0,0,0,0,0,0,0
0,0,0,0,0,0,0,0,0,0,0,0,0,0,0,0,0,0,0,0,0,0,0,0,0,0,0,0,0,0,0,0,0,0,0,0,0,0,0,0,0,0,0,0,0,0,0,0,0,0,0,0,0,0,0,0,0,0,0,0,0,0,0,0,0
0,0,0,0,0,0,0,0,0,0,0,0,0,0,0,0,0,0,0,0,0,0,0,0,0,0,0,0,0,0,0,0,0,0,0,0,0,0,0,0,0,0,0,0,0,0,0,0,0,0,0,0,0,0,0,0,0,0,0,0,0,0,0,0,0
0,0,0,0,0,0,0,0,0,0,0,0,0,0,0,0,0,0,0,0,0,0,0,0,0,0,0,0,0,0,0,0,0,0,0,0,0,0,0,0,0,0,0,0,0,0,0,0,0,0,0,0,0,0,0,0,0,0,0,0,0,0,0,0,0
0,0,0,0,0,0,0,0,0,0,0,0,0,0,0,0,0,0,0,0,0,0,0,0,0,0,0,0,0,0,0,0,0,0,0,0,0,0,0,0,0,0,0,0,0,0,0,0,0,0,0,0,0,0,0,0,0,0,0,0,0,0,0,0,0
0,0,0,0,0,0,0,0,0,0,0,0,0,0,0,0,0,0,0,0,0,0,0,0,0,0,0,0,0,0,0,0,0,0,0,0,0,0,0,0,0,0,0,0,0,0,0,0,0,0,0,0,0,0,0,0,0,0,0,0,0,0,0,0,0
0,0,0,0,0,0,0,0,0,0,0,0,0,0,0,0,0,0,0,0,0,0,0,0,0,0,0,0,0,0,0,0,0,0,0,0,0,0,0,0,0,0,0,0,0,0,0,0,0,0,0,0,0,0,0,0,0,0,0,0,0,0,0,0,0
0,0,0,0,0,0,0,0,0,0,0,0,0,0,0,0,0,0,0,0,0,0,0,0,0,0,0,0,0,0,0,0,0,0,0,0,0,0,0,0,0,0,0,0,0,0,0,0,0,0,0,0,0,0,0,0,0,0,0,0,0,0,0,0,0
0,0,0,0,0,0,0,0,0,0,0,0,0,0,0,0,0,0,0,0,0,0,0,0,0,0,0,0,0,0,0,0,0,0,0,0,0,0,0,0,0,0,0,0,0,0,0,0,0,0,0,0,0,0,0,0,0,0,0,0,0,0,0,0,0
0,0,0,0,0,0,0,0,0,0,0,0,0,0,0,0,0,0,0,0,0,0,0,0,0,0,0,0,0,0,0,0,0,0,0,0,0,0,0,0,0,0,0,0,0,0,0,0,0,0,0,0,0,0,0,0,0,0,0,0,0,0,0,0,0
0,0,0,0,0,0,0,0,0,0,0,0,0,0,0,0,0,0,0,0,0,0,0,0,0,0,0,0,0,0,0,0,0,0,0,0,0,0,0,0,0,0,0,0,0,0,0,0,0,0,0,0,0,0,0,0,0,0,0,0,0,0,0,0,0
0,0,0,0,0,0,0,0,0,0,0,0,0,0,0,0,0,0,0,0,0,0,0,0,0,0,0,0,0,0,0,0,0,0,0,0,0,0,0,0,0,0,0,0,0,0,0,0,0,0,0,0,0,0,0,0,0,0,0,0,0,0,0,0,0
0,0,0,0,0,0,0,0,0,0,0,0,0,0,0,0,0,0,0,0,0,0,0,0,0,0,0,0,0,0,0,0,0,0,0,0,0,0,0,0,0,0,0,0,0,0,0,0,0,0,0,0,0,0,0,0,0,0,0,0,0,0,0,0,0
0,0,0,0,0,0,0,0,0,0,0,0,0,0,0,0,0,0,0,0,0,0,0,0,0,0,0,0,0,0,0,0,0,0,0,0,0,0,0,0,0,0,0,0,0,0,0,0,0,0,0,0,0,0,0,0,0,0,0,0,0,0,0,0,0
0,0,0,0,0,0,0,0,0,0,0,0,0,0,0,0,0,0,0,0,0,0,0,0,0,0,0,0,0,0,0,0,0,0,0,0,0,0,0,0,0,0,0,0,0,0,0,0,0,0,0,0,0,0,0,0,0,0,0,0,0,0,0,0,0
0,0,0,0,0,0,0,0,0,0,0,0,0,0,0,0,0,0,0,0,0,0,0,0,0,0,0,0,0,0,0,0,0,0,0,0,0,0,0,0,0,0,0,0,0,0,0,0,0,0,0,0,0,0,0,0,0,0,0,0,0,0,0,0,0
0,0,0,0,0,0,0,0,0,0,0,0,0,0,0,0,0,0,0,0,0,0,0,0,0,0,0,0,0,0,0,0,0,0,0,0,0,0,0,0,0,0,0,0,0,0,0,0,0,0,0,0,0,0,0,0,0,0,0,0,0,0,0,0,0
0,0,0,0,0,0,0,0,0,0,0,0,0,0,0,0,0,0,0,0,0,0,0,0,0,0,0,0,0,0,0,0,0,0,0,0,0,0,0,0,0,0,0,0,0,0,0,0,0,0,0,0,0,0,0,0,0,0,0,0,0,0,0,0,0
0,0,0,0,0,0,0,0,0,0,0,0,0,0,0,0,0,0,0,0,0,0,0,0,0,0,0,0,0,0,0,0,0,0,0,0,0,0,0,0,0,0,0,0,0,0,0,0,0,0,0,0,0,0,0,0,0,0,0,0,0,0,0,0,0
0,0,0,0,0,0,0,0,0,0,0,0,0,0,0,0,0,0,0,0,0,0,0,0,0,0,0,0,0,0,0,0,0,0,0,0,0,0,0,0,0,0,0,0,0,0,0,0,0,0,0,0,0,0,0,0,0,0,0,0,0,0,0,0,0
0,0,0,0,0,0,0,0,0,0,0,0,0,0,0,0,0,0,0,0,0,0,0,0,0,0,0,0,0,0,0,0,0,0,0,0,0,0,0,0,0,0,0,0,0,0,0,0,0,0,0,0,0,0,0,0,0,0,0,0,0,0,0,0,0
0,0,0,0,0,0,0,0,0,0,0,0,0,0,0,0,0,0,0,0,0,0,0,0,0,0,0,0,0,0,0,0,0,0,0,0,0,0,0,0,0,0,0,0,0,0,0,0,0,0,0,0,0,0,0,0,0,0,0,0,0,0,0,0,0
0,0,0,0,0,0,0,0,0,0,0,0,0,0,0,0,0,0,0,0,0,0,0,0,0,0,0,0,0,0,0,0,0,0,0,0,0,0,0,0,0,0,0,0,0,0,0,0,0,0,0,0,0,0,0,0,0,0,0,0,0,0,0,0,0
0,0,0,0,0,0,0,0,0,0,0,0,0,0,0,0,0,0,0,0,0,0,0,0,0,0,0,0,0,0,0,0,0,0,0,0,0,0,0,0,0,0,0,0,0,0,0,0,0,0,0,0,0,0,0,0,0,0,0,0,0,0,0,0,0
0,0,0,0,0,0,0,0,0,0,0,0,0,0,0,0,0,0,0,0,0,0,0,0,0,0,0,0,0,0,0,0,0,0,0,0,0,0,0,0,0,0,0,0,0,0,0,0,0,0,0,0,0,0,0,0,0,0,0,0,0,0,0,0,0
0,0,0,0,0,0,0,0,0,0,0,0,0,0,0,0,0,0,0,0,0,0,0,0,0,0,0,0,0,0,0,0,0,0,0,0,0,0,0,0,0,0,0,0,0,0,0,0,0,0,0,0,0,0,0,0,0,0,0,0,0,0,0,0,0
0,0,0,0,0,0,0,0,0,0,0,0,0,0,0,0,0,0,0,0,0,0,0,0,0,0,0,0,0,0,0,0,0,0,0,0,0,0,0,0,0,0,0,0,0,0,0,0,0,0,0,0,0,0,0,0,0,0,0,0,0,0,0,0,0
0,0,0,0,0,0,0,0,0,0,0,0,0,0,0,0,0,0,0,0,0,0,0,0,0,0,0,0,0,0,0,0,0,0,0,0,0,0,0,0,0,0,0,0,0,0,0,0,0,0,0,0,0,0,0,0,0,0,0,0,0,0,0,0,0
0,0,0,0,0,0,0,0,0,0,0,0,0,0,0,0,0,0,0,0,0,0,0,0,0,0,0,0,0,0,0,0,0,0,0,0,0,0,0,0,0,0,0,0,0,0,0,0,0,0,0,0,0,0,0,0,0,0,0,0,0,0,0,0,0
0,0,0,0,0,0,0,0,0,0,0,0,0,0,0,0,0,0,0,0,0,0,0,0,0,0,0,0,0,0,0,0,0,0,0,0,0,0,0,0,0,0,0,0,0,0,0,0,0,0,0,0,0,0,0,0,0,0,0,0,0,0,0,0,0
0,0,0,0,0,0,0,0,0,0,0,0,0,0,0,0,0,0,0,0,0,0,0,0,0,0,0,0,0,0,0,0,0,0,0,0,0,0,0,0,0,0,0,0,0,0,0,0,0,0,0,0,0,0,0,0,0,0,0,0,0,0,0,0,0
0,0,0,0,0,0,0,0,0,0,0,0,0,0,0,0,0,0,0,0,0,0,0,0,0,0,0,0,0,0,0,0,0,0,0,0,0,0,0,0,0,0,0,0,0,0,0,0,0,0,0,0,0,0,0,0,0,0,0,0,0,0,0,0,0
0,0,0,0,0,0,0,0,0,0,0,0,0,0,0,0,0,0,0,0,0,0,0,0,0,0,0,0,0,0,0,0,0,0,0,0,0,0,0,0,0,0,0,0,0,0,0,0,0,0,0,0,0,0,0,0,0,0,0,0,0,0,0,0,0
0,0,0,0,0,0,0,0,0,0,0,0,0,0,0,0,0,0,0,0,0,0,0,0,0,0,0,0,0,0,0,0,0,0,0,0,0,0,0,0,0,0,0,0,0,0,0,0,0,0,0,0,0,0,0,0,0,0,0,0,0,0,0,0,0
0,0,0,0,0,0,0,0,0,0,0,0,0,0,0,0,0,0,0,0,0,0,0,0,0,0,0,0,0,0,0,0,0,0,0,0,0,0,0,0,0,0,0,0,0,0,0,0,0,0,0,0,0,0,0,0,0,0,0,0,0,0,0,0,0
0,0,0,0,0,0,0,0,0,0,0,0,0,0,0,0,0,0,0,0,0,0,0,0,0,0,0,0,0,0,0,0,0,0,0,0,0,0,0,0,0,0,0,0,0,0,0,0,0,0,0,0,0,0,0,0,0,0,0,0,0,0,0,0,0
0,0,0,0,0,0,0,0,0,0,0,0,0,0,0,0,0,0,0,0,0,0,0,0,0,0,0,0,0,0,0,0,0,0,0,0,0,0,0,0,0,0,0,0,0,0,0,0,0,0,0,0,0,0,0,0,0,0,0,0,0,0,0,0,0
0,0,0,0,0,0,0,0,0,0,0,0,0,0,0,0,0,0,0,0,0,0,0,0,0,0,0,0,0,0,0,0,0,0,0,0,0,0,0,0,0,0,0,0,0,0,0,0,0,0,0,0,0,0,0,0,0,0,0,0,0,0,0,0,0
0,0,0,0,0,0,0,0,0,0,0,0,0,0,0,0,0,0,0,0,0,0,0,0,0,0,0,0,0,0,0,0,0,0,0,0,0,0,0,0,0,0,0,0,0,0,0,0,0,0,0,0,0,0,0,0,0,0,0,0,0,0,0,0,0
0,0,0,0,0,0,0,0,0,0,0,0,0,0,0,0,0,0,0,0,0,0,0,0,0,0,0,0,0,0,0,0,0,0,0,0,0,0,0,0,0,0,0,0,0,0,0,0,0,0,0,0,0,0,0,0,0,0,0,0,0,0,0,0,0
0,0,0,0,0,0,0,0,0,0,0,0,0,0,0,0,0,0,0,0,0,0,0,0,0,0,0,0,0,0,0,0,0,0,0,0,0,0,0,0,0,0,0,0,0,0,0,0,0,0,0,0,0,0,0,0,0,0,0,0,0,0,0,0,0
0,0,0,0,0,0,0,0,0,0,0,0,0,0,0,0,0,0,0,0,0,0,0,0,0,0,0,0,0,0,0,0,0,0,0,0,0,0,0,0,0,0,0,0,0,0,0,0,0,0,0,0,0,0,0,0,0,0,0,0,0,0,0,0,0
0,0,0,0,0,0,0,0,0,0,0,0,0,0,0,0,0,0,0,0,0,0,0,0,0,0,0,0,0,0,0,0,0,0,0,0,0,0,0,0,0,0,0,0,0,0,0,0,0,0,0,0,0,0,0,0,0,0,0,0,0,0,0,0,0
0,0,0,0,0,0,0,0,0,0,0,0,0,0,0,0,0,0,0,0,0,0,0,0,0,0,0,0,0,0,0,0,0,0,0,0,0,0,0,0,0,0,0,0,0,0,0,0,0,0,0,0,0,0,0,0,0,0,0,0,0,0,0,0,0
0,0,0,0,0,0,0,0,0,0,0,0,0,0,0,0,0,0,0,0,0,0,0,0,0,0,0,0,0,0,0,0,0,0,0,0,0,0,0,0,0,0,0,0,0,0,0,0,0,0,0,0,0,0,0,0,0,0,0,0,0,0,0,0,0
0,0,0,0,0,0,0,0,0,0,0,0,0,0,0,0,0,0,0,0,0,0,0,0,0,0,0,0,0,0,0,0,0,0,0,0,0,0,0,0,0,0,0,0,0,0,0,0,0,0,0,0,0,0,0,0,0,0,0,0,0,0,0,0,0
0,0,0,0,0,0,0,0,0,0,0,0,0,0,0,0,0,0,0,0,0,0,0,0,0,0,0,0,0,0,0,0,0,0,0,0,0,0,0,0,0,0,0,0,0,0,0,0,0,0,0,0,0,0,0,0,0,0,0,0,0,0,0,0,0
0,0,0,0,0,0,0,0,0,0,0,0,0,0,0,0,0,0,0,0,0,0,0,0,0,0,0,0,0,0,0,0,0,0,0,0,0,0,0,0,0,0,0,0,0,0,0,0,0,0,0,0,0,0,0,0,0,0,0,0,0,0,0,0,0
